Event Id,Event Date,Location,Country,Airport Name,Injury Severity,Aircraft damage,Aircraft Category,Make,Model,Amateur Built,Number of Engines,Engine Type,Purpose of flight,Air carrier,Total Fatal Injuries,Total Serious Injuries,Total Minor Injuries,Total Uninjured,Weather Condition,Broad phase of flight,City,State,Year,Month,Day,Number of Passengers,Survival rate
20070806X01122,2007-06-08,"GALLATIN, TN",United States,Sumner County,Non-Fatal,Substantial,Airplane,Raytheon  craft,A36,No,1.0,Reciprocating,Business,,0.0,2.0,2.0,0.0,VMC,Descent,Gallatin, TN,2007,6,8,4.0,1.0
20070920X01422,2007-09-05,"LAKELAND, FL",United States,Lakeland Linder Regional,Non-Fatal,Substantial,Helicopter,Bell,206B3,No,1.0,Turbo Shaft,Business,,0.0,0.0,0.0,4.0,VMC,Descent,Lakeland, FL,2007,9,5,4.0,1.0
20070923X01430,2007-09-12,"FORT STOCKTON, TX",United States,,Non-Fatal,Substantial,Helicopter,Robinson,R22 BETA,No,1.0,Reciprocating,Business,,0.0,1.0,1.0,0.0,VMC,Climb,Fort Stockton, TX,2007,9,12,2.0,1.0
20071005X01521,2007-08-15,"Alton, IL",United States,St. Louis Regional Airport,Incident,Minor,Airplane,Piper,PA-32R-301T,No,1.0,Reciprocating,Business,,0.0,0.0,0.0,1.0,VMC,Descent,Alton, IL,2007,8,15,1.0,1.0
20071105X01726,2007-10-26,"Cedar City, UT",United States,,Fatal(2),Destroyed,Airplane,Piper,PA-28R-200,No,1.0,Reciprocating,Business,,2.0,0.0,0.0,0.0,VMC,Cruise,Cedar City, UT,2007,10,26,2.0,0.0
20071121X01830,2007-11-06,"Garberville, CA",United States,Garberville Airport,Fatal(3),Destroyed,Airplane,Cessna,340,No,2.0,Reciprocating,Business,,3.0,0.0,0.0,0.0,IMC,Approach,Garberville, CA,2007,11,6,3.0,0.0
20071127X01856,2007-11-11,"SUGAR LAND, TX",United States,Sugar Land Regional Airport,Non-Fatal,Substantial,Airplane,Gulfstream Aerospace,G-IV,No,2.0,Turbo Fan,Business,,0.0,0.0,0.0,8.0,VMC,Landing,Sugar Land, TX,2007,11,11,8.0,1.0
20080210X00166,2008-01-02,"Brunswick, GA",United States,Malcolm McKinnon Airport,Non-Fatal,Substantial,Airplane,Beech,A36,No,1.0,Reciprocating,Business,BK Corporation,0.0,0.0,0.0,3.0,VMC,,Brunswick, GA,2008,1,2,3.0,1.0
20080215X00202,2008-01-15,"Fenner, NY",United States,Syracuse International Airport,Non-Fatal,Substantial,Helicopter,Robinson,R44 II,No,1.0,Reciprocating,Business,Adkins Aviation,0.0,1.0,0.0,3.0,IMC,,Fenner, NY,2008,1,15,4.0,1.0
20080228X00246,2008-02-10,"Carefree, AZ",United States,Sky Ranch Airport at Carefree,Non-Fatal,Substantial,Airplane,Cessna,P210N,No,1.0,Reciprocating,Business,,0.0,0.0,0.0,1.0,VMC,,Carefree, AZ,2008,2,10,1.0,1.0
20080310X00292,2008-02-13,"Leesburg, VA",United States,Leesburg Executive Airport,Non-Fatal,Substantial,Airplane,Beechcraft,390,No,2.0,Turbo Fan,Business,DEKA Research & Development Corp,0.0,0.0,0.0,2.0,VMC,,Leesburg, VA,2008,2,13,2.0,1.0
20080318X00327,2008-03-08,"Stuart, FL",United States,Witham Field,Non-Fatal,Substantial,Airplane,Cessna,525B,No,2.0,Turbo Fan,Business,"TGC Aircraft Investments, LLC",0.0,0.0,0.0,2.0,VMC,,Stuart, FL,2008,3,8,2.0,1.0
20080318X00329,2008-01-16,"Hereford, TX",United States,ford Municipal Airport,Non-Fatal,Substantial,Airplane,Beech,58P,No,2.0,Reciprocating,Business,,0.0,0.0,0.0,2.0,VMC,,Hereford, TX,2008,1,16,2.0,1.0
20080319X00336,2008-02-22,"Cumberland, MD",United States,Greater Cumberland Regional,Fatal,Substantial,Airplane,Beech,A36,No,1.0,Reciprocating,Business,BZM LLC.,2.0,0.0,0.0,0.0,IMC,,Cumberland, MD,2008,2,22,2.0,0.0
20080410X00449,2008-04-03,"Benson, AZ",United States,Benson Municipal,Fatal,Substantial,Airplane,Beech,95-B55,No,2.0,Reciprocating,Business,James Robertson,2.0,0.0,0.0,0.0,VMC,,Benson, AZ,2008,4,3,2.0,0.0
20080411X00455,2008-04-07,"Paducah, TX",United States,None,Non-Fatal,Substantial,Airplane,Piper,PA-28-180,No,1.0,Reciprocating,Business,,0.0,0.0,0.0,2.0,VMC,,Paducah, TX,2008,4,7,2.0,1.0
20080417X00511,2008-03-20,"New Albany, MS",United States,New Albany,Non-Fatal,Substantial,Airplane,Piper,PA32,No,1.0,Reciprocating,Business,COOPER ELECTRICAL CONTROLS INC,0.0,0.0,0.0,2.0,VMC,,New Albany, MS,2008,3,20,2.0,1.0
20080505X00591,2008-04-21,"Kodiak, AK",United States,Kodiak,Non-Fatal,Substantial,Airplane,Cessna,180,No,1.0,Reciprocating,Business,Brian D. Nolan,0.0,0.0,0.0,3.0,VMC,,Kodiak, AK,2008,4,21,3.0,1.0
20080515X00684,2008-05-10,"Austin, TX",United States,None,Non-Fatal,Substantial,Helicopter,Robinson,R22 MARINE,No,1.0,Reciprocating,Business,Boat Pix,0.0,0.0,0.0,2.0,VMC,,Austin, TX,2008,5,10,2.0,1.0
20080610X00821,2008-04-25,"Coaldale, NV",United States,Argentum Mill Pvt Dirt Strip,Non-Fatal,Substantial,Airplane,Cessna,T210N,No,1.0,Reciprocating,Business,,0.0,0.0,0.0,3.0,VMC,,Coaldale, NV,2008,4,25,3.0,1.0
20080611X00835,2008-06-09,"Bend, OR",United States,Bend Municipal Airport,Non-Fatal,Substantial,Airplane,Mkii   oration,Lancair Legacy 2000,No,1.0,Reciprocating,Business,Lancair International Inc,0.0,0.0,0.0,2.0,VMC,,Bend, OR,2008,6,9,2.0,1.0
20080612X00845,2008-06-05,"Chicago, IL",United States,Chicago Midway International,Non-Fatal,,Airplane,Eclipse Aviation   oration,EA500,No,2.0,Turbo Fan,Business,Kiernan Companies LLC,0.0,0.0,0.0,4.0,VMC,,Chicago, IL,2008,6,5,4.0,1.0
20080627X00931,2008-06-09,"Fall RiverMills, CA",United States,No Name,Non-Fatal,Substantial,Airplane,Piper Cub Crafters,PA-18-150,No,1.0,Reciprocating,Business,Herbert R. Holzapfel,0.0,0.0,0.0,2.0,VMC,,Fall Rivermills, CA,2008,6,9,2.0,1.0
20080729X01124,2008-07-28,"Colorado Springs, CO",United States,U. S. Air Force Academy,Non-Fatal,Substantial,Airplane,Raytheon,COBRA,No,1.0,Reciprocating,Business,Raytheon company,0.0,0.0,0.0,1.0,VMC,,Colorado Springs, CO,2008,7,28,1.0,1.0
20080808X01191,2008-07-02,"Alexandria, MN",United States,Chandler Field Airport,Non-Fatal,Substantial,Airplane,Smith,Aerostar 601P,No,2.0,Reciprocating,Business,,0.0,4.0,0.0,0.0,VMC,,Alexandria, MN,2008,7,2,4.0,1.0
20080812X01225,2008-06-28,"Fullerton, CA",United States,FULLERTON MUNI,Non-Fatal,Substantial,Airplane,Cessna,T206H,No,1.0,Reciprocating,Business,Meridian Health Services,0.0,0.0,0.0,1.0,VMC,,Fullerton, CA,2008,6,28,1.0,1.0
20080820X01269,2008-08-14,"Marysville, OH",United States,Union County,Fatal,Destroyed,Airplane,Beech,58TC,No,2.0,Reciprocating,Business,Corporate Roof Management Systems Ltd.,1.0,0.0,0.0,0.0,VMC,,Marysville, OH,2008,8,14,1.0,0.0
20080825X01304,2008-06-20,"Montgomery, AL",United States,Montgomery Regional Airport,Non-Fatal,Substantial,Airplane,Taylorcraft Aviation,F19,No,1.0,Reciprocating,Business,James W. Freeman,0.0,1.0,0.0,0.0,VMC,,Montgomery, AL,2008,6,20,1.0,1.0
20080826X01326,2008-07-23,"Amberg, WI",United States,,Non-Fatal,Substantial,Helicopter,Enstrom,F28F,No,1.0,Reciprocating,Business,,0.0,0.0,0.0,1.0,VMC,,Amberg, WI,2008,7,23,1.0,1.0
20080903X01365,2008-08-14,"Jasper, TX",United States,,Non-Fatal,Minor,Airplane,Raytheon  craft,C90A,No,2.0,Turbo Prop,Business,,0.0,0.0,0.0,1.0,VMC,,Jasper, TX,2008,8,14,1.0,1.0
20080905X01387,2008-08-20,"Baltimore, MD",United States,Baltimore/Washington Thurgood,Non-Fatal,Substantial,Airplane,Cessna,441,No,2.0,Turbo Prop,Business,Avian LLC,0.0,0.0,0.0,4.0,VMC,,Baltimore, MD,2008,8,20,4.0,1.0
20080917X01479,2008-09-10,"Oakland, CA",United States,,Non-Fatal,Substantial,Airplane,Cessna,T210N,No,1.0,Reciprocating,Business,JA MAR INDUSTRIES INC DBA,0.0,0.0,0.0,2.0,VMC,,Oakland, CA,2008,9,10,2.0,1.0
20080919X01503,2008-08-09,"St Paul, MN",United States,St Paul Downtown,Non-Fatal,Substantial,Airplane,Morane-Saulnier,MS-760/B,No,2.0,Turbo Jet,Business,,0.0,0.0,0.0,1.0,VMC,,St Paul, MN,2008,8,9,1.0,1.0
20081031X40047,2008-10-30,"Mesa, AZ",United States,Falcon Field,Non-Fatal,Substantial,Airplane,Cessna,421C,No,2.0,Reciprocating,Business,DRY FORCE INC,0.0,0.0,0.0,5.0,VMC,,Mesa, AZ,2008,10,30,5.0,1.0
20081103X30231,2008-11-02,"San Manuel, AZ",United States,San Manuel Airport,Non-Fatal,Substantial,Airplane,Piper,PA-22-135,No,1.0,Reciprocating,Business,"Anasazi Design Services, LLC.",0.0,0.0,0.0,1.0,VMC,,San Manuel, AZ,2008,11,2,1.0,1.0
20081111X13821,2008-11-11,"Mena, AR",United States,Mena Intermountain,Fatal,Substantial,Airplane,Cessna,177RG,No,1.0,Reciprocating,Business,Jerry L. Smith,1.0,0.0,0.0,0.0,IMC,,Mena, AR,2008,11,11,1.0,0.0
20081116X33137,2008-11-16,"Philadelphia, PA",United States,Philadelphia International,Non-Fatal,Minor,Airplane,Dehavilland,DHC-8-311,No,2.0,Turbo Prop,Business,Piedmont Airlines,0.0,0.0,0.0,38.0,VMC,,Philadelphia, PA,2008,11,16,38.0,1.0
20081117X84838,2008-11-16,"Indian Head, MD",United States,Maryland Airport,Non-Fatal,Substantial,Airplane,Mooney,M20R,No,1.0,Reciprocating,Business,,0.0,0.0,0.0,1.0,VMC,,Indian Head, MD,2008,11,16,1.0,1.0
20081124X30428,2008-11-24,"Whites Creek, TN",United States,,Fatal,Destroyed,Airplane,Beech,95-B55 (T4,No,2.0,Reciprocating,Business,SECREST GREGORY L,3.0,0.0,0.0,0.0,IMC,,Whites Creek, TN,2008,11,24,3.0,0.0
20081126X80521,2008-11-25,"Fillmore, UT",United States,,Non-Fatal,Substantial,Helicopter,Hughes,369HS,No,1.0,Turbo Shaft,Business,"SKYHAWK HELICOPTER SERVICE, INC.",0.0,0.0,0.0,1.0,VMC,,Fillmore, UT,2008,11,25,1.0,1.0
20081203X10613,2008-11-20,"Bloomington, IN",United States,Monroe County,Non-Fatal,Substantial,Airplane,Beech,E35,No,1.0,Reciprocating,Business,SIX FOUR ALPHA LLC,0.0,0.0,0.0,1.0,VMC,,Bloomington, IN,2008,11,20,1.0,1.0
20081214X12133,2008-12-14,"Rocksprings, TX",United States,,Fatal,Substantial,Airplane,Beech,C90,No,2.0,Turbo Prop,Business,Western Wings Corp,1.0,0.0,0.0,0.0,VMC,,Rocksprings, TX,2008,12,14,1.0,0.0
20081219X72119,2008-12-17,"Sheridan, WY",United States,Sheridan County Airport,Non-Fatal,Substantial,Airplane,Cessna,210,No,1.0,Reciprocating,Business,Daleray Madewell,0.0,0.0,0.0,1.0,VMC,,Sheridan, WY,2008,12,17,1.0,1.0
20090105X93800,2008-12-23,"Clovis, NM",United States,Clovis Municipal Airport,Non-Fatal,Substantial,Airplane,Socata,TBM 700,No,1.0,Turbo Prop,Business,Caterer's Leasing,0.0,0.0,0.0,4.0,VMC,,Clovis, NM,2008,12,23,4.0,1.0
20090123X63004,2009-01-23,"Flagstaff, AZ",United States,Flagstaff Pulliam Airport,Fatal,Substantial,Airplane,Cessna,205,No,1.0,Reciprocating,Business,,2.0,0.0,0.0,0.0,IMC,,Flagstaff, AZ,2009,1,23,2.0,0.0
20090323X84621,2009-03-20,"Prescott, AZ",United States,,Non-Fatal,Substantial,Helicopter,Robinson,R22,No,1.0,Reciprocating,Business,Airfotos LLC,0.0,0.0,0.0,2.0,VMC,,Prescott, AZ,2009,3,20,2.0,1.0
20090428X81708,2009-04-28,"Mayfield Village, OH",United States,Cuyahoga County,Fatal,Destroyed,Airplane,Cirrus,SR22,No,1.0,Reciprocating,Business,,2.0,0.0,0.0,0.0,IMC,,Mayfield Village, OH,2009,4,28,2.0,0.0
20090521X25139,2009-05-18,"Tacoma, WA",United States,Tacoma Narrows,Non-Fatal,Substantial,Airplane,Cessna,185E,No,1.0,Reciprocating,Business,"Air Rainier, Inc",0.0,0.0,0.0,1.0,IMC,,Tacoma, WA,2009,5,18,1.0,1.0
20090707X52718,2009-07-01,"Santa Teresa, NM",United States,Dona Ana County Airport,Non-Fatal,Substantial,Airplane,Cessna,T210L,No,1.0,Reciprocating,Business,ADVANCED SECURITY CONTRACTORS INC,0.0,0.0,0.0,1.0,VMC,,Santa Teresa, NM,2009,7,1,1.0,1.0
20090710X11929,2009-06-15,"South Haven, MI",United States,South Haven Area Regional Airp,Non-Fatal,Substantial,Airplane,Cessna,A188B,No,1.0,Reciprocating,Business,ROBERTSON CROP DUSTING SERVICE INC,0.0,0.0,0.0,1.0,VMC,,South Haven, MI,2009,6,15,1.0,1.0
20090724X05537,2009-07-24,"Boonsboro, MD",United States,NONE,Fatal,Substantial,Helicopter,Robinson,R44,No,1.0,Reciprocating,Business,Advanced Helicopter Concepts,4.0,0.0,0.0,0.0,VMC,,Boonsboro, MD,2009,7,24,4.0,0.0
20090911X64138,2009-09-04,"Sugar Land, TX",United States,Sugar Land Regional Airport,Non-Fatal,Minor,Airplane,Cessna,421,No,2.0,Reciprocating,Business,,0.0,0.0,0.0,1.0,VMC,,Sugar Land, TX,2009,9,4,1.0,1.0
20091022X84611,2009-09-01,"Rio Blanco, CO",United States,Bishop's Cabin Airstrip,Non-Fatal,Substantial,Airplane,Cessna,175,No,1.0,Reciprocating,Business,Shelton Drilling Corp,0.0,0.0,0.0,1.0,VMC,,Rio Blanco, CO,2009,9,1,1.0,1.0
20091209X94124,2009-12-09,"Eagle Pass, TX",United States,Maverick County Memorial Intnl,Fatal,Destroyed,Airplane,Beech,A36,No,1.0,Reciprocating,Business,,1.0,0.0,0.0,0.0,IMC,,Eagle Pass, TX,2009,12,9,1.0,0.0
20100111X10557,2010-01-08,"Eagle, CO",United States,Eagle County Airport,Non-Fatal,Substantial,Airplane,Dassault Falcon,20C,No,2.0,,Business,Aerotaxis dos mil,0.0,0.0,0.0,7.0,VMC,,Eagle, CO,2010,1,8,7.0,1.0
20100121X11234,2010-01-19,"Sioux City, IA",United States,Sioux Gateway Airport/Col. Bud,Non-Fatal,Substantial,Airplane,Beech,B200,No,2.0,Turbo Prop,Business,Blue Cross and Blue Shield of Iowa,0.0,0.0,0.0,4.0,IMC,,Sioux City, IA,2010,1,19,4.0,1.0
20100124X04040,2010-01-24,"Sugar Grove, IL",United States,Aurora Municipal Airport,Fatal,Destroyed,Airplane,Smith,AEROSTAR 601P,No,2.0,Reciprocating,Business,Gary L. Bradford,2.0,0.0,0.0,0.0,IMC,,Sugar Grove, IL,2010,1,24,2.0,0.0
20100212X05854,2010-02-12,"Forest City, IA",United States,Forest City Municipal Airport,Fatal,Substantial,Airplane,Piper,PA-31T,No,2.0,Turbo Prop,Business,"Mayes Aviation, LLC.",1.0,0.0,0.0,0.0,VMC,,Forest City, IA,2010,2,12,1.0,0.0
20100217X01727,2010-02-17,"Amarillo, TX",United States,Tradewind Airport,Fatal,Substantial,Airplane,Piper,PA-30,No,2.0,Reciprocating,Business,William Ellett,2.0,0.0,0.0,0.0,VMC,,Amarillo, TX,2010,2,17,2.0,0.0
20100306X65115,2010-03-06,"Miami, FL",United States,Kendall-Tamiami Executive Airp,Non-Fatal,Substantial,Airplane,Cessna,P210N,No,1.0,Reciprocating,Business,,0.0,0.0,0.0,1.0,VMC,,Miami, FL,2010,3,6,1.0,1.0
20100319X10454,2010-03-18,"Artesia, NM",United States,Artesia Municipal Airport,Non-Fatal,Substantial,Airplane,Cessna,421B,No,2.0,Reciprocating,Business,EARLS AVIATION INC,0.0,0.0,0.0,2.0,VMC,,Artesia, NM,2010,3,18,2.0,1.0
20100319X35533,2010-03-20,"Morton, WA",United States,Strom Field Airport,Fatal,Substantial,Airplane,Cirrus,SR22,No,1.0,Reciprocating,Business,Shane Sullivan,1.0,0.0,1.0,0.0,VMC,,Morton, WA,2010,3,20,2.0,0.5
20100325X41649,2010-03-25,"Terry, MT",United States,Terry Airport,Non-Fatal,Substantial,Airplane,Piper,PA-22-150,No,1.0,Reciprocating,Business,Daniel Miller,0.0,0.0,0.0,2.0,VMC,,Terry, MT,2010,3,25,2.0,1.0
20100404X92336,2010-04-03,"Princeton, KY",United States,Princeton-Caldwell County Airp,Non-Fatal,Substantial,Airplane,Mitsubishi,MU-2B-26A,No,2.0,Turbo Prop,Business,WHISKEY DELTA LLC,0.0,1.0,0.0,0.0,VMC,,Princeton, KY,2010,4,3,1.0,1.0
20100405X13924,2010-04-01,"Wichita Falls, TX",United States,Kickapoo Downtown Airport,Non-Fatal,Substantial,Airplane,Cessna,182F,No,1.0,Reciprocating,Business,AIR EXECUTIVE AIRCRAFT MANAGEMENT INC,0.0,0.0,0.0,1.0,VMC,,Wichita Falls, TX,2010,4,1,1.0,1.0
20100420X00326,2010-04-16,"Parkersburg, WV",United States,Mid-Ohio Valley Regional,Non-Fatal,Substantial,Airplane,Piper,PA 46-350P,No,1.0,Reciprocating,Business,P & C Aviation LLC,0.0,0.0,0.0,2.0,VMC,,Parkersburg, WV,2010,4,16,2.0,1.0
20100428X51555,2010-04-24,"Clemson, SC",United States,Oconee County Regional,Non-Fatal,Substantial,Airplane,Piper,PA 46-350P,No,1.0,Reciprocating,Business,,0.0,0.0,0.0,1.0,VMC,,Clemson, SC,2010,4,24,1.0,1.0
20100503X33523,2010-04-30,"El Paso, TX",United States,El Paso,Non-Fatal,Substantial,Airplane,Beech,A36TC,No,1.0,Reciprocating,Business,SUNNYBRAE 192 LLC TRUSTEE,0.0,2.0,0.0,0.0,VMC,,El Paso, TX,2010,4,30,2.0,1.0
20100518X23809,2010-05-06,"Cape Yakataga, AK",United States,,Non-Fatal,Substantial,Airplane,Piper,PA-18-150,No,1.0,Reciprocating,Business,Michael A. Roberts,0.0,0.0,0.0,2.0,VMC,,Cape Yakataga, AK,2010,5,6,2.0,1.0
20100519X82205,2010-05-15,"Seward, AK",United States,,Non-Fatal,Substantial,Helicopter,Robinson,R44,No,1.0,Reciprocating,Business,Polux Aviation,0.0,0.0,0.0,2.0,VMC,,Seward, AK,2010,5,15,2.0,1.0
20100602X45201,2010-06-02,"Anchorage, AK",United States,Merrill Field,Fatal,Substantial,Airplane,Cessna,U206F,No,1.0,Reciprocating,Business,,1.0,0.0,4.0,0.0,VMC,,Anchorage, AK,2010,6,2,5.0,0.8
20100711X15942,2010-07-11,"Tulsa, OK",United States,Tulsa International Airport,Fatal,Substantial,Airplane,Cessna,421,No,2.0,Reciprocating,Business,Chase R. Bales,3.0,0.0,0.0,0.0,VMC,,Tulsa, OK,2010,7,11,3.0,0.0
20100726X85651,2010-07-18,"Coeur d'Alene, ID",United States,Coeur d'Alene-Pappy Boyington,Non-Fatal,Substantial,Airplane,Cessna,A185F,No,1.0,Reciprocating,Business,James Causey,0.0,0.0,0.0,1.0,VMC,,Coeur D'Alene, ID,2010,7,18,1.0,1.0
20100728X70427,2010-07-27,"Oshkosh, WI",United States,Wittman Regional Airport,Non-Fatal,Substantial,Airplane,Hawker Beechcraft,390,No,2.0,Turbo Fan,Business,"Roush Fenway Racing, LLC.",0.0,0.0,2.0,0.0,VMC,,Oshkosh, WI,2010,7,27,2.0,1.0
20100809X84516,2010-08-04,"Vici, OK",United States,Vici Municipal Airport,Non-Fatal,Substantial,Airplane,Cessna,414,No,2.0,Reciprocating,Business,WIRELESS CONNECTIONS,0.0,0.0,0.0,5.0,VMC,,Vici, OK,2010,8,4,5.0,1.0
20100830X30919,2010-08-30,"Belgrade, MT",United States,Bozeman Gallatin Field,Fatal,Substantial,Airplane,Cessna,182C,No,1.0,Reciprocating,Business,"Ikarus Aviation, LLC.",1.0,0.0,0.0,0.0,IMC,,Belgrade, MT,2010,8,30,1.0,0.0
20100908X05150,2010-09-08,"Helena, GA",United States,Telfair-Wheeler Airport,Fatal,Substantial,Airplane,Cessna,182T,No,1.0,Reciprocating,Business,AIR DANDY LLC,1.0,0.0,1.0,0.0,IMC,,Helena, GA,2010,9,8,2.0,0.5
20100912X64456,2010-09-12,"Farmington, NM",United States,Four Corners Regional Airport,Non-Fatal,Substantial,Airplane,Piper,PA46-310P,No,1.0,Reciprocating,Business,AVIONTA LLC,0.0,0.0,0.0,1.0,VMC,,Farmington, NM,2010,9,12,1.0,1.0
20100921X54226,2010-09-15,"Hazard, KY",United States,Wendell H Ford Airport,Non-Fatal,Substantial,Airplane,Mooney,M20J,No,1.0,Reciprocating,Business,,0.0,0.0,0.0,1.0,VMC,,Hazard, KY,2010,9,15,1.0,1.0
20100924X23946,2010-09-17,"Duluth, MN",United States,Duluth International,Non-Fatal,Destroyed,Helicopter,Robinson,R44 II,No,1.0,Reciprocating,Business,Lake Superior Helicopters,0.0,1.0,0.0,0.0,VMC,,Duluth, MN,2010,9,17,1.0,1.0
20101001X13012,2010-09-30,"Spokane, WA",United States,Felts Field,Non-Fatal,Substantial,Airplane,Piper,PA-46-350P,No,1.0,Turbo Prop,Business,Garco Equipment Co,0.0,0.0,0.0,5.0,VMC,,Spokane, WA,2010,9,30,5.0,1.0
20101006X70849,2010-10-05,"Columbia, SC",United States,Columbia Metropolitan,Non-Fatal,Substantial,Airplane,Cessna,182P,No,1.0,Reciprocating,Business,WESTMORELAND PATTERSON MOSELEY & HINSON LLP,0.0,1.0,0.0,1.0,VMC,,Columbia, SC,2010,10,5,2.0,1.0
20101025X62111,2010-10-25,"Morton, WA",United States,,Fatal,Substantial,Airplane,Cessna,340A,No,2.0,Reciprocating,Business,PACIFIC CATARACT AND LASER INSTITUTE,3.0,0.0,0.0,0.0,IMC,,Morton, WA,2010,10,25,3.0,0.0
20101108X91241,2010-10-20,"Breakenridge, TX",United States,Stephens County Airport,Non-Fatal,Substantial,Airplane,Hawker,MK-20 Sea Fury,No,1.0,Reciprocating,Business,Cinima Sixteen Inc,0.0,0.0,0.0,1.0,VMC,,Breakenridge, TX,2010,10,20,1.0,1.0
20101108X91810,2010-11-05,"Fruitvale, TX",United States,,Non-Fatal,Substantial,Airplane,Siai-Marchetti,S.205/22R,No,1.0,Reciprocating,Business,"FreddieMac Aviation, LLC",0.0,0.0,1.0,0.0,VMC,,Fruitvale, TX,2010,11,5,1.0,1.0
20101216X50647,2010-12-16,"Moline, IL",United States,Quad City International,Non-Fatal,Substantial,Airplane,Cessna,T182T,No,1.0,Reciprocating,Business,John D. Vander Zee,0.0,2.0,0.0,0.0,IMC,,Moline, IL,2010,12,16,2.0,1.0
20110209X12851,2011-02-07,"Danville, IL",United States,Vermilion Regional Airport,Non-Fatal,Substantial,Airplane,Beech,A36,No,1.0,Reciprocating,Business,Kahler Automation Corporation,0.0,0.0,0.0,3.0,VMC,,Danville, IL,2011,2,7,3.0,1.0
20110220X82019,2011-02-20,"Holdenville, OK",United States,Holdenville Municipal,Non-Fatal,Substantial,Airplane,Piper,PA-32R-301,No,1.0,Reciprocating,Business,"3D Well Service, Inc.",0.0,0.0,0.0,3.0,VMC,,Holdenville, OK,2011,2,20,3.0,1.0
20110315X35559,2011-03-11,"Carbondale, IL",United States,,Non-Fatal,Substantial,Airplane,Lancair,LC41-550FG,No,1.0,Reciprocating,Business,"Robertson Contractors, Inc.",0.0,0.0,0.0,1.0,VMC,,Carbondale, IL,2011,3,11,1.0,1.0
20110317X93308,2011-03-17,"Iowa, LA",United States,,Non-Fatal,Substantial,Helicopter,Hiller,UH-12D,No,1.0,Reciprocating,Business,WILLIAMS MANAGEMENT,0.0,0.0,0.0,2.0,VMC,,Iowa, LA,2011,3,17,2.0,1.0
20110328X81528,2011-03-28,"Canadian, TX",United States,Hemphill County Airport,Non-Fatal,Substantial,Airplane,Cessna,425,No,2.0,Turbo Prop,Business,CROWN SUPPLY CO,0.0,4.0,0.0,3.0,IMC,,Canadian, TX,2011,3,28,7.0,1.0
20110404X65832,2011-03-24,"Sellersburg, IN",United States,Clark Regional Airport,Non-Fatal,Substantial,Airplane,Dassault-Breguet,Falcon 10,No,2.0,Turbo Fan,Business,"Aviation Transport Solutions, LLC",0.0,0.0,0.0,3.0,VMC,,Sellersburg, IN,2011,3,24,3.0,1.0
20110421X32739,2011-04-21,"Ocala, FL",United States,Ocala International Airport,Non-Fatal,Substantial,Airplane,Beech,F33A,No,1.0,Reciprocating,Business,,0.0,0.0,0.0,1.0,VMC,,Ocala, FL,2011,4,21,1.0,1.0
20110519X45205,2011-05-19,"Salem, OH",United States,Salem Airpark,Non-Fatal,Substantial,Airplane,Socata,TBM-850,No,1.0,Turbo Prop,Business,Urschel Laboratories,0.0,0.0,1.0,3.0,IMC,,Salem, OH,2011,5,19,4.0,1.0
20110527X05815,2011-05-26,"Sedona, AZ",United States,Sedona Airport,Non-Fatal,Substantial,Airplane,Piper,PA-24-250,No,1.0,Reciprocating,Business,BERTOLINA ARTHUR T TRUSTEE,0.0,0.0,0.0,1.0,VMC,,Sedona, AZ,2011,5,26,1.0,1.0
20110601X80900,2011-06-01,"Wendover, UT",United States,Wendover,Fatal,Substantial,Airplane,Cessna,172R,No,1.0,Reciprocating,Business,C/O G&B INVESTMENT MANAGEMENT INC,4.0,0.0,0.0,0.0,VMC,,Wendover, UT,2011,6,1,4.0,0.0
20110616X82736,2011-06-15,"Nashville, TN",United States,John C. Tune,Non-Fatal,Substantial,Airplane,Cessna,525A,No,2.0,Turbo Fan,Business,DEER HORN AVIATION LTD CO,0.0,0.0,0.0,5.0,IMC,,Nashville, TN,2011,6,15,5.0,1.0
20110620X10547,2011-06-18,"Albia, IA",United States,Albia Municipal,Non-Fatal,Substantial,Airplane,Cessna,P210R,No,1.0,Reciprocating,Business,Drake Aviation LLC,0.0,0.0,1.0,0.0,VMC,,Albia, IA,2011,6,18,1.0,1.0
20110621X23341,2011-06-17,"Jefferson, OR",United States,Ames Airport,Non-Fatal,Substantial,Airplane,Dehavilland,BEAVER DHC-2 MK.3,No,1.0,Turbo Prop,Business,WILLIAM AMES CURTRIGHT,0.0,0.0,0.0,1.0,VMC,,Jefferson, OR,2011,6,17,1.0,1.0
20110624X95046,2011-06-20,"San Antonio, TX",United States,,Non-Fatal,,Airplane,Cessna,680,No,,Turbo Fan,Business,Chinn Exploration Co.,0.0,0.0,0.0,3.0,VMC,,San Antonio, TX,2011,6,20,3.0,1.0
20110705X62537,2011-07-05,"Columbia, CA",United States,Columbia,Non-Fatal,Substantial,Airplane,Stinson,108-2,No,1.0,Reciprocating,Business,Nicholas K Riney,0.0,2.0,0.0,0.0,VMC,,Columbia, CA,2011,7,5,2.0,1.0
20110722X12056,2011-07-19,"Colville, WA",United States,Colville Municipal Airport,Non-Fatal,Substantial,Airplane,Beech,95-B55 (T42A),No,2.0,Reciprocating,Business,BEACHMONT LLC,0.0,0.0,0.0,3.0,VMC,,Colville, WA,2011,7,19,3.0,1.0
20110722X41551,2011-07-20,"Columbia, MO",United States,Columbia Regional Airport,Non-Fatal,Substantial,Airplane,Cessna,T210L,No,1.0,Reciprocating,Business,Atlatl LLC,0.0,0.0,0.0,1.0,VMC,,Columbia, MO,2011,7,20,1.0,1.0
20110807X03612,2011-08-07,"Coalinga, CA",United States,Harris Ranch,Non-Fatal,Substantial,Airplane,Siai Marchetti,F.260,No,1.0,Reciprocating,Business,Attitude Aviation,0.0,4.0,0.0,0.0,VMC,,Coalinga, CA,2011,8,7,4.0,1.0
20110815X40827,2011-08-13,"Coldfoot, AK",United States,,Non-Fatal,Substantial,Airplane,Piper,PA-18-135,No,1.0,Reciprocating,Business,"Scenic Mountain Air, Inc.",0.0,1.0,0.0,0.0,VMC,,Coldfoot, AK,2011,8,13,1.0,1.0
20110822X25654,2011-08-20,"Igiugig, AK",United States,,Non-Fatal,Substantial,Airplane,Cessna,180A,No,1.0,Reciprocating,Business,WAITMAN BRADLEY J,0.0,0.0,0.0,4.0,VMC,,Igiugig, AK,2011,8,20,4.0,1.0
20110830X45215,2011-08-30,"Cape Yakataga, AK",United States,Tsiu Lodge Strip,Non-Fatal,Substantial,Airplane,Piper,PA-18-150,No,1.0,Reciprocating,Business,FEJES GUIDE SERVICE LTD,0.0,0.0,0.0,2.0,VMC,,Cape Yakataga, AK,2011,8,30,2.0,1.0
20110908X35846,2011-09-08,"West Liberty, OH",United States,Bellefontaine Regional Airport,Fatal,Substantial,Airplane,Cirrus,SR22,No,1.0,Reciprocating,Business,Jeffrey S. Watson,1.0,0.0,0.0,0.0,IMC,,West Liberty, OH,2011,9,8,1.0,0.0
20111021X85131,2011-10-21,"Paso Robles, CA",United States,Paso Robles Municipal Airport,Non-Fatal,Substantial,Airplane,Piper,PA46R,No,1.0,Reciprocating,Business,,0.0,1.0,0.0,0.0,IMC,,Paso Robles, CA,2011,10,21,1.0,1.0
20111103X34623,2011-11-03,"Key West, FL",United States,Key West International,Non-Fatal,Minor,Airplane,Cessna,550,No,2.0,Turbo Fan,Business,South Aviation,0.0,0.0,0.0,5.0,VMC,,Key West, FL,2011,11,3,5.0,1.0
20111117X91407,2011-11-17,"Ulysses, PA",United States,,Non-Fatal,Substantial,Airplane,Beech,95-C55,No,2.0,Reciprocating,Business,EKL LEASING CORPORATION,0.0,0.0,4.0,0.0,IMC,,Ulysses, PA,2011,11,17,4.0,1.0
20111123X33825,2011-11-10,"College Station, TX",United States,,Non-Fatal,Substantial,Airplane,Beech,95-B55 (T42A),No,2.0,Reciprocating,Business,SOUTH DELTA AVIATION INC,0.0,2.0,0.0,0.0,VMC,,College Station, TX,2011,11,10,2.0,1.0
20111214X15942,2011-12-13,"Friday Harbor, WA",United States,,Non-Fatal,Substantial,Airplane,Piper,PA-22,No,1.0,Reciprocating,Business,,0.0,0.0,0.0,1.0,VMC,,Friday Harbor, WA,2011,12,13,1.0,1.0
20111215X31833,2011-12-15,"Phoenix, AZ",United States,Scottsdale,Fatal,Substantial,Airplane,Cirrus,SR22,No,1.0,Reciprocating,Business,FRANK M SMITH & ASSOCIATES INC,1.0,0.0,1.0,0.0,VMC,,Phoenix, AZ,2011,12,15,2.0,0.5
20111216X20841,2011-12-16,"Cheyenne, WY",United States,Cheyenne Regional,Non-Fatal,Substantial,Airplane,Beech,J35,No,1.0,Reciprocating,Business,BECKER LAWRENCE D,0.0,0.0,0.0,1.0,VMC,,Cheyenne, WY,2011,12,16,1.0,1.0
20120217X34147,2012-03-01,"Coolidge, AZ",United States,Coolidge Municipal Airport,Non-Fatal,Substantial,Helicopter,Bell,AH-1F,No,1.0,Turbo Shaft,Business,,0.0,2.0,0.0,0.0,VMC,,Coolidge, AZ,2012,3,1,2.0,1.0
20120228X04141,2012-02-27,"Denver, CO",United States,Front Range Airport,Non-Fatal,Substantial,Airplane,Cessna,R172E,No,1.0,Reciprocating,Business,United States Air Force Peterson Aero Club,0.0,1.0,0.0,0.0,VMC,,Denver, CO,2012,2,27,1.0,1.0
20120316X94235,2012-03-09,"Naknek, AK",United States,,Non-Fatal,Substantial,Airplane,Cessna,U206G,No,1.0,Reciprocating,Business,Egli Air Haul Inc.,0.0,0.0,0.0,2.0,VMC,,Naknek, AK,2012,3,9,2.0,1.0
20120320X90348,2012-03-12,"Southern Timbalier 52CA,",United States,Southern Timbalier 52CA,Non-Fatal,Substantial,Helicopter,Bell,206L-3,No,1.0,Turbo Shaft,Business,CHEVRON USA INC,0.0,0.0,0.0,1.0,VMC,,Southern Timbalier 52Ca,,2012,3,12,1.0,1.0
20120411X30418,2012-04-10,"Iuka, MS",United States,,Non-Fatal,Substantial,Airplane,Piper,PA-28-151,No,1.0,Reciprocating,Business,SIHERB AVIATION CORP,0.0,2.0,0.0,0.0,VMC,,Iuka, MS,2012,4,10,2.0,1.0
20120420X71440,2012-04-17,"Gulf of Mexico, LA",United States,,Non-Fatal,Substantial,Helicopter,Sikorsky,S-76B,No,2.0,Turbo Shaft,Business,RDC MARINE INC,0.0,0.0,0.0,7.0,VMC,,Gulf Of Mexico, LA,2012,4,17,7.0,1.0
20120502X70035,2012-05-02,"Phoenix, AZ",United States,,Non-Fatal,Substantial,Helicopter,Hughes,269C,No,1.0,Reciprocating,Business,Canyon State Aero,0.0,1.0,1.0,0.0,VMC,,Phoenix, AZ,2012,5,2,2.0,1.0
20120518X70641,2012-05-18,"Boulder City, NV",United States,Boulder City Municipal Airport,Fatal,Substantial,Airplane,Aero Vodochody,L-39,No,1.0,Turbo Fan,Business,Mach 1 Aviation,2.0,0.0,0.0,0.0,VMC,,Boulder City, NV,2012,5,18,2.0,0.0
20120711X34221,2012-07-09,"Williston, ND",United States,,Non-Fatal,Substantial,Airplane,Bellanca,7KCAB,No,1.0,Reciprocating,Business,KEMPNER JAMES C,0.0,0.0,0.0,1.0,VMC,,Williston, ND,2012,7,9,1.0,1.0
20120718X75839,2012-06-22,"Metropolis, IL",United States,Metropolis Municipal,Non-Fatal,Substantial,Airplane,Piper,PA-46-310P,No,1.0,Reciprocating,Business,"Ware Resources, LLC",0.0,0.0,0.0,1.0,VMC,,Metropolis, IL,2012,6,22,1.0,1.0
20120718X75927,2012-07-17,"Delano, CA",United States,Delano Municipal,Non-Fatal,Substantial,Airplane,Piper,PA-46,No,1.0,Turbo Prop,Business,,0.0,0.0,0.0,1.0,VMC,,Delano, CA,2012,7,17,1.0,1.0
20120720X90330,2012-07-20,"Circle, AK",United States,,Non-Fatal,Substantial,Helicopter,Bell,206L-3,No,1.0,Turbo Shaft,Business,BRISTOW ALASKA INC,0.0,0.0,0.0,4.0,VMC,,Circle, AK,2012,7,20,4.0,1.0
20120723X43615,2012-07-22,"Pickens, SC",United States,Pickens County Airport,Non-Fatal,Substantial,Airplane,Cirrus,SR-22,No,1.0,Reciprocating,Business,CAIR LLC,0.0,0.0,0.0,4.0,VMC,,Pickens, SC,2012,7,22,4.0,1.0
20120802X92317,2012-08-01,"Holly Lake Ranch, TX",United States,Holly Lake Ranch Airport,Non-Fatal,Substantial,Airplane,Beech,H35,No,1.0,Reciprocating,Business,,0.0,0.0,1.0,0.0,VMC,,Holly Lake Ranch, TX,2012,8,1,1.0,1.0
20120804X25204,2012-08-04,"Imperial, NE",United States,,Fatal,Substantial,Airplane,Bellanca,7GCBC,No,1.0,Reciprocating,Business,,1.0,0.0,0.0,0.0,VMC,,Imperial, NE,2012,8,4,1.0,0.0
20120815X90528,2012-08-15,"Clifton Park, NY",United States,Albany International,Fatal,Substantial,Airplane,Beech,A36TC,No,1.0,Reciprocating,Business,,2.0,0.0,0.0,0.0,VMC,,Clifton Park, NY,2012,8,15,2.0,0.0
20120817X01208,2012-08-17,"Holton, KS",United States,,Non-Fatal,Substantial,Airplane,Piper,PA-24-260,No,1.0,Reciprocating,Business,David F. Osborne,0.0,1.0,2.0,0.0,VMC,,Holton, KS,2012,8,17,3.0,1.0
20120905X22200,2012-09-05,"Fort Worth, TX",United States,Fort Worth Spinks Airport,Non-Fatal,Substantial,Airplane,Cessna,421B,No,2.0,Reciprocating,Business,CAMPBELL JOHN,0.0,0.0,2.0,0.0,VMC,,Fort Worth, TX,2012,9,5,2.0,1.0
20120915X43730,2012-09-15,"West Windsor, NJ",United States,,Fatal,Substantial,Helicopter,Aerospatiale,AS 355F1,No,2.0,Turbo Shaft,Business,Analar Corporation,1.0,0.0,0.0,0.0,VMC,,West Windsor, NJ,2012,9,15,1.0,0.0
20121001X80238,2012-10-01,"Port Lions, AK",United States,Shotgun Lake,Non-Fatal,Substantial,Airplane,Cessna,182A,No,1.0,Reciprocating,Business,BLAKESLEE MARK C,0.0,0.0,0.0,2.0,VMC,,Port Lions, AK,2012,10,1,2.0,1.0
20121003X24635,2012-10-03,"Gary, IN",United States,Gary/Chicago Int'l Arp,Fatal,Substantial,Airplane,Cirrus,SR22,No,1.0,Reciprocating,Business,GANDY AIR LLC,2.0,0.0,0.0,0.0,IMC,,Gary, IN,2012,10,3,2.0,0.0
20121005X12006,2012-10-03,"Rockport, WA",United States,Skagit Regional Airport,Non-Fatal,Substantial,Helicopter,Robinson,R22 BETA,No,1.0,Reciprocating,Business,"Glacier Aviation, Inc.",0.0,0.0,0.0,2.0,VMC,,Rockport, WA,2012,10,3,2.0,1.0
20121007X75550,2012-10-02,"Eden Prairie, MN",United States,Flying Cloud,Non-Fatal,Substantial,Airplane,Cirrus,SR20,No,1.0,Reciprocating,Business,Hummingbird Ventures LLC,0.0,0.0,0.0,1.0,VMC,,Eden Prairie, MN,2012,10,2,1.0,1.0
20121015X92424,2012-10-13,"Charlotte Amalie,",United States,Charlotte Amalie,Fatal,Substantial,Airplane,Piper,PA-23-250,No,2.0,Reciprocating,Business,Rainbow International Airlines,3.0,0.0,1.0,0.0,VMC,,Charlotte Amalie,,2012,10,13,4.0,0.25
20121016X75112,2012-10-15,"Willow, AK",United States,,Fatal,Destroyed,Airplane,Grumman  craft Eng,C-1A,No,2.0,Reciprocating,Business,"Fuel Services, LLC",1.0,0.0,0.0,0.0,VMC,,Willow, AK,2012,10,15,1.0,0.0
20121019X34838,2012-10-17,"Wausau, WI",United States,Wausau Downtown Airport,Non-Fatal,Substantial,Airplane,Beech,A36,No,1.0,Reciprocating,Business,,0.0,0.0,1.0,0.0,IMC,,Wausau, WI,2012,10,17,1.0,1.0
20121027X02310,2012-10-27,"Lake Havasu, AZ",United States,,Non-Fatal,Substantial,Helicopter,Robinson,R22 MARINER,No,1.0,Reciprocating,Business,N2627M LLC,0.0,2.0,0.0,0.0,VMC,,Lake Havasu, AZ,2012,10,27,2.0,1.0
20121109X12955,2012-11-09,"La Grange, TX",United States,Fayette Regl Air Center Airpor,Non-Fatal,Substantial,Airplane,Cessna,210L,No,1.0,Reciprocating,Business,,0.0,3.0,0.0,0.0,VMC,,La Grange, TX,2012,11,9,3.0,1.0
20121117X02558,2012-11-17,"White Plains, NY",United States,Westchester County Airport,Non-Fatal,Substantial,Airplane,Beech,35B33,No,1.0,Reciprocating,Business,,0.0,1.0,0.0,0.0,VMC,,White Plains, NY,2012,11,17,1.0,1.0
20121127X24828,2012-11-27,"Wells, TX",United States,,Fatal,Substantial,Airplane,Cessna,421C,No,2.0,Reciprocating,Business,,1.0,0.0,0.0,0.0,IMC,,Wells, TX,2012,11,27,1.0,0.0
20121207X91829,2012-12-07,"Roosevelt Lake, AZ",United States,Scottsdale Airport,Non-Fatal,Substantial,Helicopter,Robinson,R44 II,No,1.0,Reciprocating,Business,Blue Sky Helicopters,0.0,2.0,1.0,0.0,VMC,,Roosevelt Lake, AZ,2012,12,7,3.0,1.0
20121211X41020,2012-12-11,"Lake Park, GA",United States,Valdosta Regional Airport,Fatal,Substantial,Airplane,Diamond  craft Ind,DA 40,No,1.0,Reciprocating,Business,,1.0,0.0,0.0,0.0,VMC,,Lake Park, GA,2012,12,11,1.0,0.0
20121219X15826,2012-12-19,"Libby, MT",United States,Libby,Fatal,Destroyed,Airplane,Beech,B100,No,2.0,Turbo Prop,Business,STINGER WELDING INC,2.0,0.0,0.0,0.0,VMC,,Libby, MT,2012,12,19,2.0,0.0
20130111X25405,2013-01-11,"Maxwell, NE",United States,NORTH PLATTE RGNL AIRPORT,Fatal,Destroyed,Airplane,Raytheon  craft,58,No,2.0,Reciprocating,Business,BOTTORFF CONSTRUCTION INC,4.0,0.0,0.0,0.0,IMC,,Maxwell, NE,2013,1,11,4.0,0.0
20130204X05610,2013-02-01,"College Station, TX",United States,Easterwood Field Airport,Non-Fatal,Substantial,Airplane,Cirrus     oration,SR22,No,1.0,Reciprocating,Business,Cirrus Aircraft Corporation,0.0,1.0,0.0,2.0,VMC,,College Station, TX,2013,2,1,3.0,1.0
20130206X33419,2013-02-05,"Kalskag, AK",United States,Kalskag,Non-Fatal,Substantial,Airplane,Cessna,172N,No,1.0,Reciprocating,Business,,0.0,2.0,1.0,0.0,IMC,,Kalskag, AK,2013,2,5,3.0,1.0
20130211X13953,2013-02-06,"Tulsa, OK",United States,Tulsa International Airport,Non-Fatal,Substantial,Helicopter,Robinson,R44 II,No,1.0,Reciprocating,Business,CRUMPTON AVIATION LLC,0.0,0.0,0.0,1.0,VMC,,Tulsa, OK,2013,2,6,1.0,1.0
20130214X61121,2013-02-14,"Abilene, TX",United States,,Non-Fatal,Substantial,Airplane,Beech,A60,No,2.0,Reciprocating,Business,FRANK LEROY BELL,0.0,0.0,0.0,1.0,VMC,,Abilene, TX,2013,2,14,1.0,1.0
20130220X23353,2013-02-21,"Parkers Parairie, MN",United States,,Fatal,Substantial,Airplane,Maule,MXT-7-180,No,1.0,Reciprocating,Business,,1.0,0.0,0.0,0.0,VMC,,Parkers Parairie, MN,2013,2,21,1.0,0.0
20130227X35753,2013-02-18,"Valparaiso, FL",United States,Eglin Air Force Base,Non-Fatal,Substantial,Airplane,Cessna,172P,No,1.0,Reciprocating,Business,Eglin AFB Aero Club,0.0,0.0,0.0,4.0,VMC,,Valparaiso, FL,2013,2,18,4.0,1.0
20130317X22700,2013-03-17,"Stafford, VA",United States,Stafford Regional Airport,Non-Fatal,Substantial,Airplane,New Piper  craft,PA32-301FT,No,1.0,Reciprocating,Business,Alberto Toledo,0.0,0.0,2.0,0.0,VMC,,Stafford, VA,2013,3,17,2.0,1.0
20130317X85055,2013-03-17,"South Bend, IN",United States,South Bend Airport,Fatal,Destroyed,Airplane,Hawker Beechcraft   oration,390,No,2.0,Turbo Fan,Business,Digicut Systems,2.0,0.0,2.0,0.0,VMC,,South Bend, IN,2013,3,17,4.0,0.5
20130318X44236,2013-03-11,"Rogers, AR",United States,Rogers Municipal Airport-Carte,Non-Fatal,Substantial,Airplane,Piper,PA 46-350P,No,1.0,Reciprocating,Business,,0.0,0.0,0.0,4.0,IMC,,Rogers, AR,2013,3,11,4.0,1.0
20130320X65919,2013-03-16,"Winsted, MN",United States,WINSTED MUNI,Non-Fatal,Substantial,Airplane,Piper,PA23-250,No,2.0,Reciprocating,Business,Tri-State Drilling,0.0,0.0,0.0,6.0,VMC,,Winsted, MN,2013,3,16,6.0,1.0
20130326X01857,2013-02-13,"Sabinal, TX",United States,,Non-Fatal,Substantial,Airplane,Cessna,T206H,No,1.0,Reciprocating,Business,,0.0,0.0,0.0,1.0,VMC,,Sabinal, TX,2013,2,13,1.0,1.0
20130326X10640,2013-03-24,"Stevens Village, AK",United States,,Non-Fatal,Substantial,Helicopter,Eurocopter,AS350B3,No,1.0,Turbo Shaft,Business,Soloy Helicopters,0.0,0.0,0.0,1.0,VMC,,Stevens Village, AK,2013,3,24,1.0,1.0
20130429X81038,2013-04-26,"Hoxie, KS",United States,,Non-Fatal,Substantial,Airplane,Raytheon  craft,G36,No,1.0,Reciprocating,Business,GARMIN INTERNATIONAL INC,0.0,0.0,0.0,3.0,VMC,,Hoxie, KS,2013,4,26,3.0,1.0
20130510X41006,2013-04-24,"Clearwater, FL",United States,St Petersburg-Clearwater Inter,Non-Fatal,Minor,Airplane,Piaggio,P180,No,2.0,Turbo Prop,Business,AVANTAIR INC,0.0,0.0,0.0,6.0,VMC,,Clearwater, FL,2013,4,24,6.0,1.0
20130515X44256,2013-05-15,"Pine Bluffs, WY",United States,Pine Bluffs Municipal Airport,Non-Fatal,Substantial,Airplane,Cessna,T188C,No,1.0,Reciprocating,Business,Circle S Aviation LLC,0.0,0.0,0.0,1.0,VMC,,Pine Bluffs, WY,2013,5,15,1.0,1.0
20130517X43218,2013-05-09,"Winnie, TX",United States,Chambers County-Winnie Stowell,Non-Fatal,Substantial,Airplane,Tractor,AT-302,No,,Reciprocating,Business,Airborn AG Services,0.0,0.0,0.0,1.0,VMC,,Winnie, TX,2013,5,9,1.0,1.0
20130529X10741,2013-05-23,"Beaumont, TX",United States,Beaumont Municipal Airport,Non-Fatal,Substantial,Airplane,Stinson,108-3,No,1.0,Reciprocating,Business,AIRCAPITAL NEVADA INC,0.0,1.0,0.0,0.0,VMC,,Beaumont, TX,2013,5,23,1.0,1.0
20130613X82747,2013-06-08,"Boulder, CO",United States,,Non-Fatal,Minor,Airplane,Ultramagic Sa,T210,No,1.0,Unknown,Business,FAIR WINDS INC,0.0,2.0,0.0,10.0,VMC,,Boulder, CO,2013,6,8,12.0,1.0
20130617X33740,2013-06-15,"Victoria, TX",United States,Victoria Regional,Non-Fatal,Substantial,Airplane,Aero  mmander,685,No,2.0,Reciprocating,Business,Daniel Nghiem,0.0,0.0,3.0,0.0,VMC,,Victoria, TX,2013,6,15,3.0,1.0
20130624X31512,2013-06-24,"Royal City, WA",United States,,Non-Fatal,Substantial,Helicopter,Bell,206B,No,1.0,Turbo Shaft,Business,Wilbur-Ellis CO,0.0,0.0,1.0,0.0,IMC,,Royal City, WA,2013,6,24,1.0,1.0
20130711X40532,2013-07-05,"Las Vegas, NV",United States,Las Vegas McCarran Intl,Non-Fatal,,Airplane,Gulfstream,GIV - UNDESIGNAT,No,,,Business,,0.0,0.0,0.0,0.0,VMC,,Las Vegas, NV,2013,7,5,0.0,
20130812X51051,2013-08-12,"West Yellowstone, MT",United States,Yellowstone Airport,Fatal,Substantial,Airplane,Beech,E35,No,1.0,Reciprocating,Business,Avery Enterprises Inc,1.0,0.0,1.0,0.0,VMC,,West Yellowstone, MT,2013,8,12,2.0,0.5
20130824X50810,2013-08-16,"Sleetmute, AK",United States,,Non-Fatal,Substantial,Airplane,Cessna,185,No,1.0,Reciprocating,Business,David Henley,0.0,0.0,0.0,4.0,VMC,,Sleetmute, AK,2013,8,16,4.0,1.0
20130827X51843,2013-08-27,"Paris, IL",United States,Edgar County Airport,Fatal,Destroyed,Airplane,Cessna,421C,No,2.0,Turbo Prop,Business,"RSB Aviation, Inc.",1.0,0.0,0.0,0.0,VMC,,Paris, IL,2013,8,27,1.0,0.0
20130918X95121,2013-09-16,"Redmond, OR",United States,Roberts Field,Non-Fatal,Substantial,Airplane,Cessna,180 - B,No,1.0,Reciprocating,Business,,0.0,0.0,0.0,1.0,VMC,,Redmond, OR,2013,9,16,1.0,1.0
20130919X04513,2013-09-19,"Idaho Falls, ID",United States,Idaho Falls,Non-Fatal,Substantial,Airplane,Beech,C90 - A,No,2.0,Turbo Prop,Business,WE FLY LLC,0.0,2.0,1.0,0.0,VMC,,Idaho Falls, ID,2013,9,19,3.0,1.0
20130926X15937,2013-09-23,"Mack, CO",United States,Mack Mesa Airport,Non-Fatal,Substantial,Airplane,Cirrus,SR22,No,1.0,Reciprocating,Business,TRANS MED LLC,0.0,1.0,0.0,2.0,VMC,,Mack, CO,2013,9,23,3.0,1.0
20131018X12721,2013-10-18,"Sedro Woolley, WA",United States,,Non-Fatal,Substantial,Helicopter,Robinson,R44 - II,No,1.0,Reciprocating,Business,Kurt Mayhall,0.0,0.0,0.0,2.0,IMC,,Sedro Woolley, WA,2013,10,18,2.0,1.0
20131018X34254,2013-10-18,"Derby, KS",United States,,Fatal,Destroyed,Airplane,Cessna,500,No,2.0,Turbo Fan,Business,DUFRESNE INC,2.0,0.0,0.0,0.0,VMC,,Derby, KS,2013,10,18,2.0,0.0
20131019X24348,2013-10-18,"Clayton, OK",United States,,Fatal,Substantial,Airplane,Cessna,177,No,1.0,Reciprocating,Business,EAGLE SKY PATROL INC,1.0,0.0,0.0,0.0,VMC,,Clayton, OK,2013,10,18,1.0,0.0
20131023X52555,2013-10-08,"Tallahassee, FL",United States,TALLAHASSEE RGNL,Non-Fatal,Minor,Airplane,Piper,PA 46 350P,No,1.0,Turbo Prop,Business,MUNICIPAL CODE CORP,0.0,0.0,0.0,1.0,VMC,,Tallahassee, FL,2013,10,8,1.0,1.0
20131102X05355,2013-11-01,"Upland, CA",United States,CABLE,Non-Fatal,Substantial,Airplane,Yuneec,YUNEEC,No,1.0,Electric,Business,"Ken Ka Hang, Lau",0.0,0.0,0.0,2.0,VMC,,Upland, CA,2013,11,1,2.0,1.0
20131102X13104,2013-11-02,"Superior, MT",United States,,Non-Fatal,Substantial,Helicopter,Bell,206B,No,1.0,Turbo Shaft,Business,MONTANA AERO INC,0.0,0.0,0.0,1.0,VMC,,Superior, MT,2013,11,2,1.0,1.0
20131210X03136,2013-12-06,"Monticello, UT",United States,,Non-Fatal,Substantial,Helicopter,Mcdonnell Douglas,369E,No,,Turbo Shaft,Business,Drangonfly Aviation LLC,0.0,0.0,0.0,1.0,VMC,,Monticello, UT,2013,12,6,1.0,1.0
20131213X41847,2013-12-12,"Collbran, CO",United States,,Fatal,Substantial,Airplane,Piper,PA 24-250,No,1.0,Reciprocating,Business,,3.0,0.0,0.0,0.0,VMC,,Collbran, CO,2013,12,12,3.0,0.0
20131218X10522,2013-12-18,"Panama City, FL",United States,Sandy Creek Airpark,Fatal,Substantial,Airplane,Raytheon,G36,No,1.0,Reciprocating,Business,GREY AVIATION ADVISORS & SOLUTIONS INC,1.0,0.0,0.0,0.0,VMC,,Panama City, FL,2013,12,18,1.0,0.0
20140106X31044,2014-01-05,"West Delta 109,",United States,West Delta 109,Non-Fatal,Substantial,Helicopter,Bell,430,No,2.0,Turbo Shaft,Business,CHEVRON U S A INC,0.0,0.0,0.0,2.0,VMC,,West Delta 109,,2014,1,5,2.0,1.0
20140121X71107,2014-01-21,"Pell City, AL",United States,Grass Covered Clearing,Non-Fatal,Substantial,Helicopter,Bell,47D1,No,1.0,Reciprocating,Business,MILAM INC,0.0,2.0,0.0,0.0,VMC,,Pell City, AL,2014,1,21,2.0,1.0
20140124X91020,2014-01-23,"Ashland, MO",United States,COLUMBIA RGNL,Non-Fatal,Substantial,Airplane,Cessna,414A,No,2.0,Reciprocating,Business,ALELCO INC,0.0,0.0,0.0,3.0,VMC,,Ashland, MO,2014,1,23,3.0,1.0
20140203X35035,2014-01-31,"Springfield, IL",United States,Abraham Lincoln Capital,Non-Fatal,Substantial,Airplane,Piaggio,P180 - AVANTI II,No,2.0,Turbo Prop,Business,"Mountain Aviation, Inc.",0.0,0.0,0.0,5.0,IMC,,Springfield, IL,2014,1,31,5.0,1.0
20140204X20036,2014-02-04,"Elk City, OK",United States,ELK CITY RGNL BUSINESS,Non-Fatal,Substantial,Airplane,Cessna,525,No,2.0,Turbo Fan,Business,"BRINK CONSTRUCTORS, INC",0.0,0.0,0.0,7.0,IMC,,Elk City, OK,2014,2,4,7.0,1.0
20140414X43958,2014-04-11,"West Chicago, IL",United States,DuPage County Airport,Non-Fatal,Substantial,Airplane,Piper,PA 46-350P,No,1.0,Reciprocating,Business,GENERAL LEASING OF MICHIGAN LLC,0.0,0.0,0.0,2.0,VMC,,West Chicago, IL,2014,4,11,2.0,1.0
20140531X34757,2014-05-31,"Willow, AK",United States,WILLOW SPB,Non-Fatal,Substantial,Airplane,Found Acft Canada,FBA 2C2,No,1.0,Reciprocating,Business,,0.0,0.0,0.0,3.0,VMC,,Willow, AK,2014,5,31,3.0,1.0
20140610X80333,2014-05-05,"Rock Springs, WY",United States,ROCK SPRINGS-SWEETWATER COUNTY,Non-Fatal,Substantial,Airplane,Cessna,T207A,No,1.0,Turbo Prop,Business,AERO-GRAPHICS INC,0.0,0.0,0.0,2.0,VMC,,Rock Springs, WY,2014,5,5,2.0,1.0
20140617X55442,2014-06-16,"Pleasanton, TX",United States,Pleasanton Municipal,Non-Fatal,Substantial,Airplane,Cessna,414,No,2.0,Reciprocating,Business,Ping Ze Aviation LLC,0.0,5.0,0.0,1.0,VMC,,Pleasanton, TX,2014,6,16,6.0,1.0
20140623X35701,2014-05-24,"Dallas, TX",United States,Dallas Executive,Non-Fatal,Substantial,Airplane,Cessna,421A,No,2.0,Reciprocating,Business,AMIGO BANDING SERVICES INC,0.0,0.0,0.0,4.0,VMC,,Dallas, TX,2014,5,24,4.0,1.0
20140626X51345,2014-06-25,"Iliamna, AK",United States,,Non-Fatal,Minor,Airplane,Dehavilland,DHC 2,No,1.0,Reciprocating,Business,RBG BUSH PLANES LLC,0.0,0.0,0.0,1.0,VMC,,Iliamna, AK,2014,6,25,1.0,1.0
20140703X85332,2014-07-02,"Olathe, KS",United States,JOHNSON COUNTY EXECUTIVE,Non-Fatal,Substantial,Helicopter,Robinson,R44,No,1.0,Reciprocating,Business,KC Copters,0.0,0.0,0.0,2.0,VMC,,Olathe, KS,2014,7,2,2.0,1.0
20140715X15139,2014-07-14,"Durango, CO",United States,DURANGO-LA PLATA COUNTY,Non-Fatal,Substantial,Airplane,Mooney  plane,M20TN,No,1.0,Reciprocating,Business,,0.0,0.0,0.0,1.0,VMC,,Durango, CO,2014,7,14,1.0,1.0
20140718X34015,2014-07-17,"Bakersfield, CA",United States,Meadows Field Airport,Non-Fatal,Minor,Airplane,Beech,B100,No,2.0,Turbo Prop,Business,,0.0,0.0,0.0,1.0,VMC,,Bakersfield, CA,2014,7,17,1.0,1.0
20140803X82134,2014-08-02,"Statesville, NC",United States,Statesville Regional,Non-Fatal,Substantial,Airplane,Piper,PA-46-350P,No,1.0,Reciprocating,Business,ETS AVIATION LLC,0.0,2.0,0.0,2.0,IMC,,Statesville, NC,2014,8,2,4.0,1.0
20140804X22623,2014-08-01,"Illiamna, AK",United States,,Non-Fatal,Substantial,Airplane,Dehavilland,BEAVER DHC 2,No,1.0,Reciprocating,Business,KATMAI AIR LLC,0.0,0.0,0.0,7.0,VMC,,Illiamna, AK,2014,8,1,7.0,1.0
20140804X93443,2014-07-31,"Talkeetna, AK",United States,High Lake Lodge,Non-Fatal,Substantial,Airplane,Dehavilland,DHC 2,No,1.0,Reciprocating,Business,Glenn Air Inc.,0.0,0.0,0.0,2.0,VMC,,Talkeetna, AK,2014,7,31,2.0,1.0
20140815X30452,2014-08-14,"Wiggins, MS",United States,,Non-Fatal,Substantial,Airplane,Cessna,T206H,No,1.0,Reciprocating,Business,Jeff Bramblett,0.0,3.0,0.0,0.0,VMC,,Wiggins, MS,2014,8,14,3.0,1.0
20140820X02638,2014-08-20,"Milton, FL",United States,PETER PRINCE FIELD,Non-Fatal,Substantial,Airplane,Raytheon  craft,G36,No,1.0,Reciprocating,Business,John Galdieri,0.0,2.0,0.0,3.0,VMC,,Milton, FL,2014,8,20,5.0,1.0
20140902X80413,2014-09-02,"Willows, CA",United States,WILLOWS-GLENN COUNTY,Non-Fatal,Substantial,Helicopter,Hughes,369D,No,1.0,Turbo Shaft,Business,PJ HELICOPTERS INC,0.0,0.0,1.0,0.0,VMC,,Willows, CA,2014,9,2,1.0,1.0
20141014X20105,2014-10-09,"Cordova, AK",United States,,Non-Fatal,Substantial,Airplane,Piper,PA 18-150,No,1.0,Reciprocating,Business,FEJES GUIDE SERVICE LTD,0.0,0.0,0.0,2.0,VMC,,Cordova, AK,2014,10,9,2.0,1.0
20141016X45532,2014-10-15,"Denver, CO",United States,DENVER INTL,Non-Fatal,Minor,Airplane,Raytheon  craft,HAWKER,No,2.0,Turbo Fan,Business,Eaton Metals,0.0,0.0,0.0,3.0,VMC,,Denver, CO,2014,10,15,3.0,1.0
20141024X40111,2014-10-24,"Harper, TX",United States,,Non-Fatal,Substantial,Helicopter,Robinson,R44,No,1.0,Reciprocating,Business,Philip Johnston,0.0,0.0,0.0,2.0,VMC,,Harper, TX,2014,10,24,2.0,1.0
20141118X30503,2014-11-17,"Fulton, MO",United States,ELTON HENSLEY MEMORIAL,Non-Fatal,Substantial,Airplane,Cessna,401A,No,2.0,Reciprocating,Business,HEARTLAND AIR LLC,0.0,0.0,3.0,0.0,VMC,,Fulton, MO,2014,11,17,3.0,1.0
20141203X92851,2014-12-02,"Wachula, FL",United States,WAUCHULA MUNI,Non-Fatal,Substantial,Airplane,Piper,PA-46-310P,No,1.0,Reciprocating,Business,"Jupiter Malibu, LLC",0.0,0.0,0.0,1.0,VMC,,Wachula, FL,2014,12,2,1.0,1.0
20141209X00958,2014-12-09,"Jeffrey, WY",United States,Anderson Ranch,Non-Fatal,Substantial,Airplane,Cessna,P210 - N,No,1.0,Reciprocating,Business,Allen J Head,0.0,2.0,0.0,1.0,VMC,,Jeffrey, WY,2014,12,9,3.0,1.0
20141215X02302,2014-12-12,"Springfield, MO",United States,DOWNTOWN,Non-Fatal,Substantial,Airplane,New Piper  craft,PA 32R-301T,No,1.0,Reciprocating,Business,"INTEGRITY HOME CARE, INC.",0.0,2.0,2.0,0.0,VMC,,Springfield, MO,2014,12,12,4.0,1.0
20141227X53516,2014-12-24,"Port Huron, MI",United States,St Clair County International,Fatal,Destroyed,Airplane,Piper,PA-34-200T,No,2.0,Reciprocating,Business,Pilot,1.0,0.0,0.0,0.0,IMC,,Port Huron, MI,2014,12,24,1.0,0.0
20150128X01747,2015-01-25,"Hanford, CA",United States,HANFORD MUNI,Non-Fatal,Substantial,Airplane,Flight   Gmbh,CTLS,No,1.0,Reciprocating,Business,KINGS COUNTY CA SHERIFF,0.0,0.0,0.0,2.0,VMC,,Hanford, CA,2015,1,25,2.0,1.0
20150220X72637,2015-02-20,"Lubbock, TX",United States,Lubbock Executive Airpark,Non-Fatal,Substantial,Airplane,Piper,PA 32RT-300T,No,1.0,Reciprocating,Business,,0.0,0.0,0.0,2.0,VMC,,Lubbock, TX,2015,2,20,2.0,1.0
20150313X90544,2015-03-04,"Monroe, NC",United States,Charlotte-Monroe County,Non-Fatal,Substantial,Airplane,Beech,58,No,2.0,Reciprocating,Business,Brick Street Mutual Insurance Company,0.0,0.0,0.0,4.0,IMC,,Monroe, NC,2015,3,4,4.0,1.0
20150403X41941,2015-02-12,"Akron, OH",United States,AKRON FULTON INTL,Non-Fatal,Substantial,Airplane,Piper,PA 46-350P,No,,Reciprocating,Business,Pilot,0.0,0.0,0.0,2.0,VMC,,Akron, OH,2015,2,12,2.0,1.0
20150513X90237,2015-05-04,"Roxboro, NC",United States,PERSON COUNTY,Non-Fatal,Substantial,Airplane,Cessna,177B,No,1.0,Reciprocating,Business,Charlie Sarratt,0.0,0.0,0.0,2.0,VMC,,Roxboro, NC,2015,5,4,2.0,1.0
20150514X61132,2015-05-14,"Juntura, OR",United States,,Fatal,Substantial,Airplane,Bellanca,7GCBC,No,1.0,Reciprocating,Business,,1.0,0.0,0.0,0.0,VMC,,Juntura, OR,2015,5,14,1.0,0.0
20150518X10336,2015-05-15,"Piggott, AR",United States,Piggott Muncipal,Non-Fatal,Substantial,Airplane,Cessna,T206H,No,1.0,Reciprocating,Business,Mid Continent Aircraft Corp,0.0,1.0,0.0,0.0,VMC,,Piggott, AR,2015,5,15,1.0,1.0
20150527X90354,2015-05-27,"Port Alsworth, AK",United States,,Non-Fatal,Substantial,Airplane,Cessna,U206G,No,1.0,Reciprocating,Business,ALASKAN ADVENTURES RESTORATION THRU RECR,0.0,1.0,0.0,2.0,VMC,,Port Alsworth, AK,2015,5,27,3.0,1.0
20150707X10125,2015-07-07,"Houston, TX",United States,GEORGE BUSH INTERCONTINENTAL/H,Non-Fatal,Substantial,Airplane,Cirrus,SR22,No,1.0,Reciprocating,Business,AIRCCS LLC,0.0,2.0,0.0,0.0,VMC,,Houston, TX,2015,7,7,2.0,1.0
20150722X93738,2015-07-18,"Fairfield, NC",United States,WHITFIELD'S EAST,Non-Fatal,Substantial,Airplane,Cessna,R172K,No,1.0,Reciprocating,Business,TIM WHITFIELD AVIATION INC,0.0,0.0,0.0,2.0,VMC,,Fairfield, NC,2015,7,18,2.0,1.0
20150723X33213,2015-07-22,"Kasilof, AK",United States,,Non-Fatal,Substantial,Airplane,Cessna,U206F,No,,Reciprocating,Business,PACIFIC ALASKA SHELLFISH INC,0.0,0.0,0.0,1.0,VMC,,Kasilof, AK,2015,7,22,1.0,1.0
20150728X80758,2015-07-23,"San Antonio, TX",United States,Stinson Municipal Airport,Non-Fatal,Substantial,Airplane,Aero  mmander,100,No,1.0,Reciprocating,Business,Pilot,0.0,1.0,1.0,0.0,VMC,,San Antonio, TX,2015,7,23,2.0,1.0
20150801X43013,2015-07-24,"Baltimore, MD",United States,BALTIMORE/WASHINGTON INTL THUR,Non-Fatal,Substantial,Airplane,Israel  craft Industries,1125 WESTWIND ASTRA,No,2.0,Turbo Fan,Business,Mountain Air Services LLC,0.0,0.0,0.0,7.0,VMC,,Baltimore, MD,2015,7,24,7.0,1.0
20150807X41741,2015-08-07,"Montecito, CA",United States,,Fatal,Substantial,Airplane,Cessna,182F,No,1.0,Reciprocating,Business,Pacific Coast Flyers,2.0,0.0,0.0,0.0,VMC,,Montecito, CA,2015,8,7,2.0,0.0
20150823X74316,2015-08-22,"Carlos, TX",United States,,Non-Fatal,Substantial,Helicopter,Robinson,R44 II,No,1.0,Reciprocating,Business,PERFECT FILLER LLC,0.0,0.0,2.0,0.0,VMC,,Carlos, TX,2015,8,22,2.0,1.0
20150827X03425,2015-08-27,"Houlton, ME",United States,HOULTON INTL,Fatal,Destroyed,Airplane,Piper,PA44,No,2.0,Reciprocating,Business,GROWL INC,1.0,0.0,0.0,0.0,IMC,,Houlton, ME,2015,8,27,1.0,0.0
20150828X82523,2015-08-28,"Cheyenne, WY",United States,Cheyenne Regional/Jerry Olson,Non-Fatal,Substantial,Helicopter,Robinson,R44 II,No,1.0,Reciprocating,Business,"Submissive Air, Inc",0.0,3.0,3.0,0.0,VMC,,Cheyenne, WY,2015,8,28,6.0,1.0
20150831X30510,2015-08-28,"Las Vegas, NV",United States,McCarran International,Non-Fatal,Substantial,Airplane,Beech,C90,No,2.0,Turbo Prop,Business,,0.0,0.0,0.0,5.0,VMC,,Las Vegas, NV,2015,8,28,5.0,1.0
20150922X71447,2015-09-10,"Myakka City, FL",United States,,Non-Fatal,Substantial,Airplane,Mooney  plane,M20TN,No,1.0,Reciprocating,Business,GORDON C. DECOU,0.0,0.0,0.0,2.0,VMC,,Myakka City, FL,2015,9,10,2.0,1.0
20150923X21445,2015-09-21,"Platteville, WI",United States,PLATTEVILLE MUNI,Non-Fatal,Substantial,Airplane,Cessna,421B,No,2.0,Reciprocating,Business,,0.0,2.0,0.0,0.0,VMC,,Platteville, WI,2015,9,21,2.0,1.0
20151001X55616,2015-09-27,"Bentonville, AR",United States,BENTONVILLE MUNI/LOUISE M THAD,Non-Fatal,Substantial,Airplane,Cessna,305F,No,1.0,Reciprocating,Business,TEXAS STATE TECHNICAL COLLEGE,0.0,0.0,0.0,1.0,VMC,,Bentonville, AR,2015,9,27,1.0,1.0
20151005X93607,2015-10-05,"Cedar City, UT",United States,CEDAR CITY RGNL,Fatal,Destroyed,Airplane,Cessna,152,No,1.0,Reciprocating,Business,Upper Limit Aviation,2.0,0.0,0.0,0.0,VMC,,Cedar City, UT,2015,10,5,2.0,0.0
20151006X02643,2015-10-05,"Devine, TX",United States,,Non-Fatal,Substantial,Helicopter,Robinson,R44 II,No,1.0,Reciprocating,Business,OVER & OUT INC.,0.0,0.0,0.0,1.0,VMC,,Devine, TX,2015,10,5,1.0,1.0
20151015X00706,2015-10-14,"Hammond, LA",United States,HAMMOND NORTHSHORE RGNL,Fatal,Destroyed,Airplane,Cessna,421B,No,2.0,Reciprocating,Business,"Aero One, Inc.",2.0,0.0,0.0,0.0,VMC,,Hammond, LA,2015,10,14,2.0,0.0
20151026X43000,2015-10-26,"Weston, FL",United States,,Fatal,Substantial,Airplane,Piper,PA31,No,2.0,Reciprocating,Business,SPOHRER & DODD AVIATION LLC,1.0,1.0,0.0,1.0,VMC,,Weston, FL,2015,10,26,3.0,0.6666666666666666
20151119X83701,2015-11-06,"Atlanta, GA",United States,DeKalb-Peachtree,Non-Fatal,Substantial,Airplane,Cessna,P210,No,1.0,Turbo Prop,Business,,0.0,0.0,0.0,2.0,VMC,,Atlanta, GA,2015,11,6,2.0,1.0
20151217X50308,2015-09-03,"Arctic Village, AK",United States,,Non-Fatal,Substantial,Airplane,Dehavilland,BEAVER DHC 2 MK.1,No,1.0,Reciprocating,Business,KRUSE JEFF,0.0,0.0,0.0,1.0,VMC,,Arctic Village, AK,2015,9,3,1.0,1.0
20151229X61543,2015-12-28,"Stevensville, MD",United States,BAY BRIDGE,Non-Fatal,Substantial,Airplane,Piper,PA 46,No,1.0,Reciprocating,Business,FLY SAFELY LLC,0.0,0.0,0.0,2.0,VMC,,Stevensville, MD,2015,12,28,2.0,1.0
20160112X62304,2015-12-23,"Tahlequah, OK",United States,Tahlequah Municipal Airport,Non-Fatal,Substantial,Airplane,Beech,V35B,No,1.0,Reciprocating,Business,Beech V-35 LLC,0.0,0.0,0.0,1.0,VMC,,Tahlequah, OK,2015,12,23,1.0,1.0
20160119X45136,2015-11-11,"Grand Forks, ND",United States,GRAND FORKS INTERNATIONAL,Non-Fatal,Substantial,Airplane,Cessna,208B,No,2.0,Turbo Prop,Business,SARTEC CORP,0.0,0.0,0.0,10.0,IMC,,Grand Forks, ND,2015,11,11,10.0,1.0
20160125X83431,2016-01-19,"Wichita, KS",United States,COLONEL JAMES JABARA,Non-Fatal,Substantial,Airplane,Socata,TBM700,No,1.0,Turbo Prop,Business,Premier Furnace Specialists,0.0,0.0,0.0,2.0,VMC,,Wichita, KS,2016,1,19,2.0,1.0
20160127X52321,2016-01-27,"Bakersfield, CA",United States,Meadows Field,Non-Fatal,Substantial,Airplane,Cessna,340A,No,2.0,Reciprocating,Business,PACIFIC FBO PROPERTIES LLC,0.0,0.0,0.0,1.0,VMC,,Bakersfield, CA,2016,1,27,1.0,1.0
20160216X40423,2016-01-27,"Lawrenceville, GA",United States,GWINNETT COUNTY - BRISCOE FIEL,Non-Fatal,Substantial,Airplane,Pilatus,PC12,No,1.0,Turbo Prop,Business,"Quest Diagnostics, Inc.",0.0,0.0,0.0,1.0,VMC,,Lawrenceville, GA,2016,1,27,1.0,1.0
20160218X05331,2016-02-19,"Marshville, NC",United States,,Fatal,Substantial,Airplane,Beech,A36,No,1.0,Reciprocating,Business,,1.0,0.0,0.0,0.0,VMC,,Marshville, NC,2016,2,19,1.0,0.0
20160518X05644,2016-05-18,"Mesa, AZ",United States,FALCON FLD,Fatal,Destroyed,Airplane,North American,AT 6,No,1.0,Reciprocating,Business,,2.0,0.0,0.0,0.0,VMC,,Mesa, AZ,2016,5,18,2.0,0.0
20160518X82339,2016-04-30,"Killeen, TX",United States,SKYLARK FIELD,Non-Fatal,Substantial,Airplane,Piper,PA 31P,No,2.0,Reciprocating,Business,,0.0,0.0,0.0,1.0,VMC,,Killeen, TX,2016,4,30,1.0,1.0
20160609X45739,2016-06-07,"Cahokia/St. Louis, IL",United States,ST LOUIS DOWNTOWN,Non-Fatal,Substantial,Helicopter,Robinson,R22,No,1.0,Reciprocating,Business,MY SKY LLC,0.0,0.0,0.0,2.0,VMC,,Cahokia/St. Louis, IL,2016,6,7,2.0,1.0
20160623X84139,2016-06-10,"Deming, NM",United States,Deming Municipal Airport,Non-Fatal,Substantial,Airplane,Cessna,172S,No,1.0,Reciprocating,Business,Air America Flight Center LLC,0.0,0.0,2.0,0.0,VMC,,Deming, NM,2016,6,10,2.0,1.0
20160711X32921,2016-07-11,"Hickory, KY",United States,Gravel Lot,Fatal,Substantial,Helicopter,Bell   Textron Canada,407,No,1.0,Turbo Shaft,Business,TENNESSEE VALLEY AUTHORITY,1.0,0.0,0.0,0.0,VMC,,Hickory, KY,2016,7,11,1.0,0.0
20160720X55139,2016-07-19,"Illiamna, AK",United States,,Non-Fatal,Substantial,Airplane,Cessna,A185,No,1.0,Reciprocating,Business,,0.0,0.0,0.0,4.0,VMC,,Illiamna, AK,2016,7,19,4.0,1.0
20160721X33517,2016-08-04,"Homer, AK",United States,HOMER,Non-Fatal,Substantial,Helicopter,Robinson,R44 II,No,1.0,Reciprocating,Business,,0.0,0.0,0.0,3.0,VMC,,Homer, AK,2016,8,4,3.0,1.0
20160724X14531,2016-07-24,"Oshkosh, WI",United States,Witmann Regional Airport,Non-Fatal,Substantial,Airplane,Bristell,E-LSA,No,1.0,Reciprocating,Business,"Sport Flying USA, Inc.",0.0,0.0,1.0,0.0,VMC,,Oshkosh, WI,2016,7,24,1.0,1.0
20160808X21820,2016-07-31,"Sleetmute, AK",United States,SLEETMUTE,Non-Fatal,Substantial,Airplane,Cessna,U206G,No,1.0,Reciprocating,Business,,0.0,0.0,0.0,5.0,VMC,,Sleetmute, AK,2016,7,31,5.0,1.0
20160822X43925,2016-08-18,"Broussard, LA",United States,VARIABLE BOR RAM,Non-Fatal,Substantial,Helicopter,Bell,206 L4,No,1.0,Turbo Shaft,Business,Acadiana Helicopters LLC.,0.0,0.0,0.0,2.0,VMC,,Broussard, LA,2016,8,18,2.0,1.0
20160823X52304,2016-08-23,"Cokeville, WY",United States,,Non-Fatal,Substantial,Helicopter,Hiller,UH 12D,No,,,Business,WYOMING HELICOPTERS INC DBA,0.0,1.0,0.0,0.0,VMC,,Cokeville, WY,2016,8,23,1.0,1.0
20160829X54344,2016-08-17,"Sleetmute, AK",United States,Alaska Adventures Airstrip,Non-Fatal,Substantial,Airplane,Cessna,U206,No,1.0,Reciprocating,Business,,0.0,0.0,0.0,1.0,VMC,,Sleetmute, AK,2016,8,17,1.0,1.0
20160830X24345,2016-08-31,"Sparks, NV",United States,Reno/Tahoe International,Fatal,Destroyed,Airplane,Beech,A36,No,1.0,Reciprocating,Business,Flying Start Aero,2.0,0.0,0.0,0.0,VMC,,Sparks, NV,2016,8,31,2.0,0.0
20160922X61244,2016-09-21,"Jackson, TN",United States,MC KELLAR-SIPES RGNL,Non-Fatal,Substantial,Airplane,Beech,B100,No,2.0,Turbo Prop,Business,,0.0,0.0,0.0,1.0,VMC,,Jackson, TN,2016,9,21,1.0,1.0
20160926X03410,2016-09-22,"San Juan, PR",United States,Fernando Dominicci Airport,Non-Fatal,Substantial,Airplane,Learjet,25,No,2.0,Turbo Jet,Business,WMG Techno-Logistic C.A.,0.0,0.0,0.0,3.0,IMC,,San Juan, PR,2016,9,22,3.0,1.0
20160927X61547,2016-09-06,"Wilson, AR",United States,,Non-Fatal,Substantial,Airplane,Tractor,AT802,No,1.0,Turbo Prop,Business,Empty Pockets Flying Service,0.0,0.0,0.0,1.0,VMC,,Wilson, AR,2016,9,6,1.0,1.0
20160928X15757,2016-09-26,"Kotzebue, AK",United States,,Non-Fatal,Substantial,Airplane,Piper,PA 18,No,1.0,Reciprocating,Business,,0.0,0.0,0.0,1.0,IMC,,Kotzebue, AK,2016,9,26,1.0,1.0
20161006X24138,2016-10-04,"Galesburg, IL",United States,GALESBURG MUNI,Non-Fatal,Substantial,Airplane,Cessna,T182,No,1.0,Reciprocating,Business,,0.0,0.0,0.0,1.0,VMC,,Galesburg, IL,2016,10,4,1.0,1.0
20161013X35806,2016-10-13,"Pawtucket, RI",United States,NORTH CENTRAL STATE,Non-Fatal,Substantial,Airplane,Cessna,525,No,2.0,Turbo Fan,Business,,0.0,0.0,0.0,6.0,IMC,,Pawtucket, RI,2016,10,13,6.0,1.0
20161013X93614,2016-10-06,"Hanna, WY",United States,,Non-Fatal,Substantial,Airplane,Piper,PA18,No,1.0,Reciprocating,Business,,0.0,0.0,0.0,2.0,VMC,,Hanna, WY,2016,10,6,2.0,1.0
20161025X01520,2016-10-23,"Kirksville, MO",United States,KIRKSVILLE RGNL,Non-Fatal,Substantial,Airplane,Cirrus,SR22,No,1.0,Reciprocating,Business,,0.0,0.0,0.0,2.0,VMC,,Kirksville, MO,2016,10,23,2.0,1.0
20161103X50742,2016-10-31,"Baton Rouge, LA",United States,Baton Rouge Metropolitan,Non-Fatal,Substantial,Airplane,Cirrus,SR22,No,1.0,Reciprocating,Business,Johnnie Burrows LLC,0.0,0.0,0.0,2.0,VMC,,Baton Rouge, LA,2016,10,31,2.0,1.0
20161128X10943,2016-11-22,"San Diego, CA",United States,MONTGOMERY-GIBBS EXECUTIVE,Non-Fatal,Substantial,Airplane,Curtiss Wright,TRAVEL AIR 4000,No,1.0,Reciprocating,Business,AIRCRAFT LEASING & MANAGEMENT LLC,0.0,0.0,0.0,5.0,VMC,,San Diego, CA,2016,11,22,5.0,1.0
20161205X91704,2016-12-05,"Gunnison, CO",United States,Gunnison-Crested Butte Airport,Non-Fatal,Substantial,Airplane,Cessna,Citation 500,No,2.0,Turbo Fan,Business,,0.0,0.0,0.0,1.0,VMC,,Gunnison, CO,2016,12,5,1.0,1.0
20170113X00618,2017-01-11,"Green Bay, WI",United States,GREEN BAY-AUSTIN STRAUBEL INTL,Non-Fatal,Substantial,Airplane,Cessna,182T,No,1.0,Reciprocating,Business,,0.0,0.0,0.0,1.0,VMC,,Green Bay, WI,2017,1,11,1.0,1.0
20170117X15227,2017-01-16,"Howell, MI",United States,Livingston Co.,Non-Fatal,Substantial,Airplane,Textron Aviation,525C,No,2.0,Turbo Fan,Business,,0.0,0.0,1.0,0.0,VMC,,Howell, MI,2017,1,16,1.0,1.0
20170201X04529,2017-01-31,"Armstrong, TX",United States,,Non-Fatal,Substantial,Helicopter,Robinson,R22,No,1.0,Reciprocating,Business,,0.0,0.0,0.0,1.0,VMC,,Armstrong, TX,2017,1,31,1.0,1.0
20170207X10221,2017-02-03,"Ellendale, MN",United States,,Non-Fatal,Substantial,Airplane,Mooney,M20C,No,1.0,Reciprocating,Business,,0.0,0.0,1.0,0.0,VMC,,Ellendale, MN,2017,2,3,1.0,1.0
20170228X14333,2017-02-27,"Bellingham, WA",United States,BELLINGHAM INTL,Non-Fatal,Substantial,Airplane,Socata,TBM700,No,1.0,Turbo Prop,Business,4197802 Manitoba Ltd.,0.0,0.0,0.0,1.0,IMC,,Bellingham, WA,2017,2,27,1.0,1.0
20170311X85300,2017-03-11,"Reno, NV",United States,RENO/TAHOE INTL,Non-Fatal,Substantial,Airplane,Piper,AEROSTAR 602P,No,2.0,Reciprocating,Business,,0.0,0.0,0.0,1.0,VMC,,Reno, NV,2017,3,11,1.0,1.0
20170320X31039,2017-03-07,"Laramie, WY",United States,LARAMIE RGNL,Non-Fatal,Substantial,Airplane,Cirrus,SR22,No,1.0,Reciprocating,Business,,0.0,0.0,0.0,3.0,VMC,,Laramie, WY,2017,3,7,3.0,1.0
20170324X05532,2017-03-24,"Marietta, GA",United States,,Fatal,Destroyed,Airplane,Cessna,500,No,2.0,Turbo Fan,Business,,1.0,0.0,0.0,0.0,VMC,,Marietta, GA,2017,3,24,1.0,0.0
20170403X04525,2017-04-01,"Key Largo, FL",United States,,Non-Fatal,Substantial,Airplane,Icon  craft,A5,No,1.0,Reciprocating,Business,Icon Flight Center East,0.0,0.0,0.0,2.0,VMC,,Key Largo, FL,2017,4,1,2.0,1.0
20170417X91628,2017-04-07,"Greensburg, IN",United States,Greensburg Municipal Airport,Non-Fatal,Substantial,Airplane,Piper,PA-22-135,No,1.0,Reciprocating,Business,Pilot,0.0,1.0,0.0,2.0,VMC,,Greensburg, IN,2017,4,7,3.0,1.0
20170508X45426,2017-05-08,"Lake Berryessa, CA",United States,,Fatal,Substantial,Airplane,Icon  craft,A5,No,1.0,Reciprocating,Business,Icon Aircraft Inc,2.0,0.0,0.0,0.0,VMC,,Lake Berryessa, CA,2017,5,8,2.0,0.0
20170526X63223,2017-05-25,"Peach Springs, AZ",United States,GRAND CANYON WEST,Non-Fatal,Substantial,Helicopter,Eurocopter,EC130,No,1.0,Turbo Shaft,Business,,0.0,0.0,0.0,1.0,VMC,,Peach Springs, AZ,2017,5,25,1.0,1.0
20170602X34531,2017-06-03,"San Carlos, CA",United States,SAN CARLOS,Non-Fatal,Substantial,Airplane,Cessna,T182,No,1.0,Reciprocating,Business,RHYS VINEYARDS LLC.,0.0,0.0,0.0,3.0,VMC,,San Carlos, CA,2017,6,3,3.0,1.0
20170604X12618,2017-06-03,"Dimmitt, TX",United States,,Fatal,Substantial,Helicopter,Robinson,R44 II,No,1.0,Reciprocating,Business,,1.0,0.0,0.0,0.0,VMC,,Dimmitt, TX,2017,6,3,1.0,0.0
20170609X40127,2017-06-09,"Douglas, WY",United States,,Non-Fatal,Substantial,Helicopter,Robinson,R44 II,No,1.0,Reciprocating,Business,,0.0,0.0,1.0,3.0,VMC,,Douglas, WY,2017,6,9,4.0,1.0
20170713X12858,2017-07-13,"Tyler, TX",United States,Tyler-Pounds Regional,Fatal,Destroyed,Airplane,Piper,PA31T,No,2.0,Turbo Prop,Business,T-210 HOLDINGS LLC,2.0,0.0,0.0,0.0,VMC,,Tyler, TX,2017,7,13,2.0,0.0
20170718X24849,2017-07-11,"Friday Harbor, WA",United States,FRIDAY HARBOR,Non-Fatal,Substantial,Airplane,Cessna,170,No,1.0,Reciprocating,Business,,0.0,0.0,0.0,1.0,VMC,,Friday Harbor, WA,2017,7,11,1.0,1.0
20170718X25017,2017-06-15,"Van Nuys, CA",United States,VAN NUYS,Non-Fatal,Substantial,Airplane,Champion,7ECA,No,1.0,Reciprocating,Business,,0.0,0.0,0.0,1.0,VMC,,Van Nuys, CA,2017,6,15,1.0,1.0
20170731X32913,2017-08-01,"Chandler, AZ",United States,,Non-Fatal,Minor,Airplane,lumbia  craft Mfg,LC41 550FG,No,1.0,Reciprocating,Business,Peter Spanganberg,0.0,0.0,0.0,4.0,VMC,,Chandler, AZ,2017,8,1,4.0,1.0
20170821X20801,2017-08-18,"Aniak, AK",United States,ANIAK,Non-Fatal,Substantial,Airplane,Cessna,A185,No,1.0,Reciprocating,Business,,0.0,0.0,0.0,4.0,VMC,,Aniak, AK,2017,8,18,4.0,1.0
20170821X51710,2017-08-17,"Talkeetna, AK",United States,STEPHAN LAKE LODGE,Non-Fatal,Substantial,Airplane,Thrush,S2R,No,1.0,Turbo Prop,Business,"Glenn Air, Inc.",0.0,0.0,0.0,1.0,VMC,,Talkeetna, AK,2017,8,17,1.0,1.0
20170828X23633,2017-08-28,"Ellabell, GA",United States,,Fatal,Destroyed,Airplane,Beech,A36,No,1.0,Reciprocating,Business,,3.0,0.0,0.0,0.0,VMC,,Ellabell, GA,2017,8,28,3.0,0.0
20170905X32700,2017-09-02,"Burnet, TX",United States,,Non-Fatal,Substantial,Helicopter,Hughes,369A,No,,Turbo Shaft,Business,LYFT LLC,0.0,1.0,1.0,1.0,VMC,,Burnet, TX,2017,9,2,3.0,1.0
20170911X42141,2017-09-09,"Prairie du Chien, WI",United States,PRAIRIE DU CHIEN MUNI,Non-Fatal,Substantial,Airplane,Aviat  craft,A 1B,No,1.0,Reciprocating,Business,,0.0,0.0,0.0,1.0,VMC,,Prairie Du Chien, WI,2017,9,9,1.0,1.0
20170914X44755,2017-09-09,"McKinney, TX",United States,McKinney National,Non-Fatal,Substantial,Airplane,Cessna,340,No,2.0,Reciprocating,Business,HOLUBAR PROPERTIES INC,0.0,0.0,0.0,2.0,VMC,,Mckinney, TX,2017,9,9,2.0,1.0
20170916X35842,2017-09-16,"Ancho, NM",United States,,Fatal,Destroyed,Helicopter,Bell,206L 3,No,1.0,Turbo Shaft,Business,WQRE News 13,1.0,0.0,0.0,0.0,VMC,,Ancho, NM,2017,9,16,1.0,0.0
20170925X80437,2017-09-04,"Kodiak, AK",United States,TRIDENT BASIN,Non-Fatal,Substantial,Airplane,Cessna,U206G,No,,,Business,,0.0,0.0,0.0,4.0,VMC,,Kodiak, AK,2017,9,4,4.0,1.0
20171114X52018,2017-11-12,"Grayslake, IL",United States,CAMPBELL,Non-Fatal,Substantial,Airplane,Cessna,T210N,No,1.0,Reciprocating,Business,RUNZEL BROTHERS AVIATION LLC,0.0,0.0,0.0,1.0,IMC,,Grayslake, IL,2017,11,12,1.0,1.0
20180129X74948,2018-01-29,"Farmington, PA",United States,,Non-Fatal,Substantial,Airplane,Cessna,P210N,No,1.0,Reciprocating,Business,ROMAG AIR SERVICES INC,0.0,1.0,0.0,0.0,IMC,,Farmington, PA,2018,1,29,1.0,1.0
20180214X43741,2018-02-08,"Batesville, AR",United States,BATESVILLE RGNL,Non-Fatal,Substantial,Airplane,Beech,35,No,1.0,Reciprocating,Business,,0.0,0.0,0.0,1.0,VMC,,Batesville, AR,2018,2,8,1.0,1.0
20180222X31345,2018-02-23,"Rossville, IN",United States,,Fatal,Destroyed,Airplane,Cessna,441,No,,Turbo Prop,Business,PONDEROSA AVIATION LLC,3.0,0.0,0.0,0.0,IMC,,Rossville, IN,2018,2,23,3.0,0.0
20180226X31732,2018-02-24,"Woodland, CA",United States,,Non-Fatal,Substantial,Helicopter,Robinson,R44,No,1.0,Reciprocating,Business,FLYING M AIR LLC,0.0,1.0,0.0,0.0,VMC,,Woodland, CA,2018,2,24,1.0,1.0
20180312X34739,2018-03-10,"Mount Pleasant, MI",United States,MOUNT PLEASANT MUNI,Non-Fatal,Substantial,Airplane,Learjet,31,No,2.0,Turbo Jet,Business,N500MP LLC,0.0,0.0,0.0,9.0,VMC,,Mount Pleasant, MI,2018,3,10,9.0,1.0
20180315X11140,2017-09-14,"Statesville, NC",United States,STATESVILLE RGNL,Non-Fatal,Substantial,Airplane,Beech,95 B55,No,2.0,Reciprocating,Business,92 AVIATION LLC,0.0,0.0,0.0,4.0,VMC,,Statesville, NC,2017,9,14,4.0,1.0
20180322X42204,2018-03-21,"Miami, FL",United States,,Non-Fatal,,Airplane,Gulfstream Aerospace,G V,No,2.0,Turbo Fan,Business,PEYTON HOLDINGS LLC,0.0,2.0,1.0,5.0,IMC,,Miami, FL,2018,3,21,8.0,1.0
20180427X31921,2018-04-26,"Bishop, CA",United States,Bishop,Non-Fatal,Substantial,Airplane,Gulfstream Am     mm Div,695A,No,2.0,Turbo Prop,Business,,0.0,0.0,0.0,2.0,VMC,,Bishop, CA,2018,4,26,2.0,1.0
20180430X05547,2018-04-30,"Borrego Springs, CA",United States,PALM SPRINGS INTL,Non-Fatal,Substantial,Helicopter,Robinson,R44 II,No,1.0,Reciprocating,Business,BIG BLUE CORP INC,0.0,0.0,0.0,4.0,VMC,,Borrego Springs, CA,2018,4,30,4.0,1.0
20180430X30445,2018-04-29,"Newark, OH",United States,,Non-Fatal,Substantial,Helicopter,Hughes,369,No,1.0,Turbo Shaft,Business,HAVERFIELD INTERNATIONAL INC,0.0,0.0,0.0,2.0,VMC,,Newark, OH,2018,4,29,2.0,1.0
20180504X25824,2018-05-05,"Sisters, OR",United States,SISTERS EAGLE AIR,Non-Fatal,Substantial,Airplane,Beech,58,No,2.0,Reciprocating,Business,B2 AVIATION LLC,0.0,0.0,0.0,3.0,VMC,,Sisters, OR,2018,5,5,3.0,1.0
20180519X83954,2018-05-19,"Stoneburg, TX",United States,,Non-Fatal,Destroyed,Helicopter,Hughes,369A,No,1.0,Turbo Shaft,Business,,0.0,0.0,4.0,0.0,VMC,,Stoneburg, TX,2018,5,19,4.0,1.0
20180527X00947,2018-05-25,"Santa Fe, NM",United States,,Fatal,Substantial,Airplane,Beech,D17S,No,1.0,Reciprocating,Business,"Mid Continent Instrument Company, Inc.",1.0,0.0,0.0,0.0,VMC,,Santa Fe, NM,2018,5,25,1.0,0.0
20180529X20553,2018-05-06,"Gainesville, GA",United States,LEE GILMER MEMORIAL,Non-Fatal,Substantial,Airplane,Beech,58,No,2.0,Reciprocating,Business,,0.0,0.0,0.0,1.0,VMC,,Gainesville, GA,2018,5,6,1.0,1.0
20180530X50125,2018-05-30,"Melville, NY",United States,REPUBLIC,Fatal,Destroyed,Airplane,North American,SNJ 2,No,1.0,Reciprocating,Business,SNJ-2 CORP,1.0,0.0,0.0,0.0,VMC,,Melville, NY,2018,5,30,1.0,0.0
20180626X42919,2018-06-26,"Encino, TX",United States,,Non-Fatal,Substantial,Helicopter,Robinson,R22 BETA,No,1.0,Reciprocating,Business,ESPEJO HELICOPTER LEASING LLC,0.0,2.0,0.0,0.0,VMC,,Encino, TX,2018,6,26,2.0,1.0
20180626X55142,2018-06-26,"Phoenix, AZ",United States,Phoenix Deer Valley,Non-Fatal,Substantial,Airplane,Cessna,172S,No,1.0,Reciprocating,Business,,0.0,1.0,0.0,2.0,VMC,,Phoenix, AZ,2018,6,26,3.0,1.0
20180716X75258,2018-07-16,"Manley Hot Springs, AK",United States,Manley Hot Springs,Non-Fatal,Substantial,Airplane,Curtiss Wright,C46,No,2.0,Reciprocating,Business,Everts Air Fuel Inc,0.0,2.0,0.0,0.0,VMC,,Manley Hot Springs, AK,2018,7,16,2.0,1.0
20180721X41413,2018-07-21,"Burnet, TX",United States,BURNET MUNI KATE CRADDOCK FIEL,Non-Fatal,Destroyed,Airplane,Douglas,DC3,No,,Reciprocating,Business,Commemorative Air Force,0.0,1.0,6.0,6.0,VMC,,Burnet, TX,2018,7,21,13.0,1.0
20180725X25209,2018-06-17,"Sterling City, TX",United States,,Non-Fatal,Substantial,Helicopter,Robinson,R22,No,1.0,Reciprocating,Business,Concho Aviation Llc,0.0,0.0,0.0,1.0,VMC,,Sterling City, TX,2018,6,17,1.0,1.0
20180802X75952,2018-08-01,"Wilmington, NC",United States,,Non-Fatal,Substantial,Airplane,Beech,B300,No,2.0,Turbo Prop,Business,Atlantic Transportation Of Wilmington Ll,0.0,0.0,0.0,6.0,VMC,,Wilmington, NC,2018,8,1,6.0,1.0
20180805X00700,2018-08-05,"Santa Ana, CA",United States,JOHN WAYNE AIRPORT-ORANGE COUN,Fatal,Destroyed,Airplane,Cessna,414,No,2.0,Reciprocating,Business,,5.0,0.0,0.0,0.0,VMC,,Santa Ana, CA,2018,8,5,5.0,0.0
20180823X35503,2018-08-20,"McGrath, AK",United States,,Non-Fatal,Substantial,Airplane,Piper,PA18,No,1.0,Reciprocating,Business,,0.0,0.0,0.0,2.0,VMC,,Mcgrath, AK,2018,8,20,2.0,1.0
20180828X00933,2018-08-28,"Hartford, CT",United States,HARTFORD-BRAINARD,Non-Fatal,Substantial,Airplane,Piper,PA46,No,1.0,Turbo Prop,Business,Prm Enterprises Inc,0.0,0.0,0.0,4.0,VMC,,Hartford, CT,2018,8,28,4.0,1.0
20180906X21852,2018-09-06,"Laramie, WY",United States,,Non-Fatal,Substantial,Airplane,Cessna,T310,No,2.0,Reciprocating,Business,DBT Transportation Services LLC,0.0,0.0,0.0,1.0,VMC,,Laramie, WY,2018,9,6,1.0,1.0
20180906X35852,2018-09-06,"Port Huron, MI",United States,St. Clair County Int'l Airport,Fatal,Substantial,Airplane,Cessna,340A,No,2.0,Reciprocating,Business,,1.0,0.0,0.0,0.0,VMC,,Port Huron, MI,2018,9,6,1.0,0.0
20180924X40449,2018-09-20,"Igiugig, AK",United States,,Non-Fatal,Substantial,Airplane,De Havilland,DHC 2,No,1.0,Reciprocating,Business,,0.0,1.0,0.0,6.0,VMC,,Igiugig, AK,2018,9,20,7.0,1.0
20180925X10105,2018-09-25,"Oscoda, MI",United States,Oscoda-Wurtsmith Airport,Fatal,Destroyed,Airplane,Beech,200,No,2.0,Turbo Prop,Business,,1.0,0.0,0.0,0.0,IMC,,Oscoda, MI,2018,9,25,1.0,0.0
20181031X03329,2018-10-31,"Gainesville, FL",United States,GAINESVILLE RGNL,Non-Fatal,Substantial,Airplane,Beech,55,No,2.0,Reciprocating,Business,,0.0,0.0,0.0,4.0,VMC,,Gainesville, FL,2018,10,31,4.0,1.0
20181130X31617,2018-11-30,"Memphis, IN",United States,,Fatal,Destroyed,Airplane,Cessna,525,No,2.0,Turbo Fan,Business,Estoair Llc,3.0,0.0,0.0,0.0,IMC,,Memphis, IN,2018,11,30,3.0,0.0
20181130X80724,2018-11-30,"Fargo, ND",United States,Hector International,Non-Fatal,Substantial,Airplane,Cessna,550,No,2.0,Turbo Jet,Business,,0.0,9.0,0.0,2.0,IMC,,Fargo, ND,2018,11,30,11.0,1.0
20190112X63300,2019-01-12,"Uvalde, TX",United States,Ox Ranch,Non-Fatal,Substantial,Airplane,Canadair,CL 600 2A12,No,2.0,Turbo Fan,Business,Tw 601-C Investment Llc,0.0,0.0,0.0,9.0,VMC,,Uvalde, TX,2019,1,12,9.0,1.0
20190131X52154,2019-01-30,"Kake, AK",United States,Kake Airport,Fatal,Destroyed,Airplane,Beech,200,No,,Turbo Prop,Business,Guardian Flight LLC,3.0,0.0,0.0,0.0,VMC,,Kake, AK,2019,1,30,3.0,0.0
20190211X15851,2019-02-11,"Richmond, IN",United States,Richmond Muni,Non-Fatal,Substantial,Airplane,Beech,400,No,2.0,Turbo Fan,Business,"Stein's Aircraft Services, LLC",0.0,0.0,0.0,3.0,IMC,,Richmond, IN,2019,2,11,3.0,1.0
20190220X00053,2019-02-20,"Tulsa, OK",United States,RICHARD LLOYD JONES JR,Non-Fatal,Substantial,Airplane,Cirrus,SR22,No,1.0,Reciprocating,Business,,0.0,0.0,0.0,1.0,VMC,,Tulsa, OK,2019,2,20,1.0,1.0
20190222X72357,2019-02-22,"Stallion Springs, CA",United States,,Fatal,Destroyed,Airplane,Beech,D55,No,2.0,Reciprocating,Business,,3.0,0.0,0.0,0.0,Unk,,Stallion Springs, CA,2019,2,22,3.0,0.0
20190312X50739,2019-03-12,"Latrobe, PA",United States,Arnold Palmer Rgnl,Non-Fatal,Substantial,Airplane,Beech,A100,No,2.0,Turbo Prop,Business,,0.0,0.0,0.0,4.0,VMC,,Latrobe, PA,2019,3,12,4.0,1.0
20190317X93630,2019-03-17,"Plain City, OH",United States,,Fatal,Destroyed,Airplane,Cessna,421,No,2.0,Reciprocating,Business,Phoenix Flight Test,1.0,0.0,0.0,0.0,IMC,,Plain City, OH,2019,3,17,1.0,0.0
20190422X20140,2019-04-22,"Kerrville, TX",United States,Kerrville Muni/Louis Schreiner,Fatal,Substantial,Airplane,Beech,58,No,2.0,Reciprocating,Business,,6.0,0.0,0.0,0.0,IMC,,Kerrville, TX,2019,4,22,6.0,0.0
20190509X05207,2019-05-08,"Moose Lake, MN",United States,Moose Lake Carlton County Airp,Fatal,Substantial,Airplane,Mooney,M20J,No,1.0,Reciprocating,Business,,1.0,0.0,0.0,0.0,IMC,,Moose Lake, MN,2019,5,8,1.0,0.0
20190512X92801,2019-05-11,"Mount Holly, NJ",United States,SOUTH JERSEY RGNL,Non-Fatal,Substantial,Airplane,Aero  mmander,695,No,2.0,Turbo Prop,Business,Jersey Ordnance Inc,0.0,0.0,0.0,2.0,VMC,,Mount Holly, NJ,2019,5,11,2.0,1.0
20190513X03825,2019-05-13,"Frankfort, MI",United States,,Fatal,Substantial,Airplane,Beech,V35,No,1.0,Reciprocating,Business,,2.0,0.0,0.0,0.0,VMC,,Frankfort, MI,2019,5,13,2.0,0.0
20190520X43445,2019-05-15,"Morrilton, AR",United States,MORRILTON MUNI,Non-Fatal,Substantial,Helicopter,Sikorsky,S76,No,2.0,Turbo Shaft,Business,Arkansas Childrens Hospital,0.0,0.0,0.0,6.0,VMC,,Morrilton, AR,2019,5,15,6.0,1.0
20190530X80613,2019-05-30,"Cleburne, TX",United States,,Non-Fatal,Substantial,Airplane,Lancair,LC41,No,,Reciprocating,Business,"Van Bortel Aircraft, Inc",0.0,0.0,0.0,1.0,VMC,,Cleburne, TX,2019,5,30,1.0,1.0
20190628X80552,2019-06-27,"Janesville, WI",United States,,Non-Fatal,Minor,Airplane,Cessna,560,No,2.0,Turbo Jet,Business,Mueller Aero Inc,0.0,1.0,1.0,2.0,VMC,,Janesville, WI,2019,6,27,4.0,1.0
20190722X23001,2019-07-22,"Boise, ID",United States,Boise Air Terminal/Gowen Field,Non-Fatal,Substantial,Airplane,Cessna,402,No,2.0,Reciprocating,Business,Western Airlines LC,0.0,0.0,0.0,3.0,VMC,,Boise, ID,2019,7,22,3.0,1.0
20190726X01834,2019-07-27,"Sparta, TN",United States,UPPER CUMBERLAND RGNL,Non-Fatal,Substantial,Airplane,Piper,PA46,No,1.0,Reciprocating,Business,"Allied Moulded Products, Inc.",0.0,0.0,0.0,7.0,VMC,,Sparta, TN,2019,7,27,7.0,1.0
20190728X20826,2019-07-27,"Lake, MI",United States,,Non-Fatal,Substantial,Airplane,Icon,A5,No,1.0,Reciprocating,Business,Icon Aircraft Incorporated,0.0,0.0,1.0,1.0,VMC,,Lake, MI,2019,7,27,2.0,1.0
20190801X94426,2019-08-01,"Novato, CA",United States,Gnoss Field,Non-Fatal,Substantial,Airplane,Cessna,P210,No,1.0,Turbo Prop,Business,,0.0,0.0,0.0,2.0,VMC,,Novato, CA,2019,8,1,2.0,1.0
20190806X45857,2019-08-05,"Wolf Point, MT",United States,,Fatal,Destroyed,Airplane,Cessna,182,No,1.0,Reciprocating,Business,,2.0,0.0,0.0,0.0,VMC,,Wolf Point, MT,2019,8,5,2.0,0.0
20190813X55350,2019-08-08,"Lubbock, TX",United States,,Non-Fatal,,Airplane,Canadair,CL600 2B16,No,2.0,Turbo Fan,Business,NETJETS,0.0,2.0,1.0,7.0,VMC,,Lubbock, TX,2019,8,8,10.0,1.0
20190813X74443,2019-08-01,"Kenai, AK",United States,DRIFT RIVER,Non-Fatal,Substantial,Airplane,Douglas,DC3C,No,2.0,Reciprocating,Business,"Bush Air Cargo, Inc.",0.0,0.0,0.0,2.0,VMC,,Kenai, AK,2019,8,1,2.0,1.0
20190815X74831,2019-08-15,"Elizabethton, TN",United States,Elizabethton Muni,Non-Fatal,Destroyed,Airplane,Textron Aviation,680A,No,2.0,Turbo Fan,Business,JRM Air LLC,0.0,3.0,0.0,2.0,VMC,,Elizabethton, TN,2019,8,15,5.0,1.0
20190821X01127,2019-08-21,"Cypress Island, WA",United States,,Non-Fatal,Substantial,Helicopter,Robinson,R44,No,1.0,Reciprocating,Business,Peregrine Air LLC,0.0,2.0,1.0,0.0,VMC,,Cypress Island, WA,2019,8,21,3.0,1.0
20190828X75204,2019-08-27,"San Diego, CA",United States,Gillespie Field,Non-Fatal,Substantial,Helicopter,Bell,206,No,1.0,Turbo Shaft,Business,"Angel City Air, Inc.",0.0,0.0,0.0,2.0,VMC,,San Diego, CA,2019,8,27,2.0,1.0
20190829X34852,2019-08-29,"Olney, TX",United States,Olney Municipal Airport,Non-Fatal,Substantial,Airplane,Tractor,AT502,No,1.0,Turbo Prop,Business,Lane Aviation,0.0,1.0,0.0,0.0,VMC,,Olney, TX,2019,8,29,1.0,1.0
20190903X30852,2019-09-03,"Mack, CO",United States,Mack Mesa,Non-Fatal,Substantial,Airplane,Jackson,Velocity,No,1.0,Reciprocating,Business,,0.0,0.0,0.0,1.0,VMC,,Mack, CO,2019,9,3,1.0,1.0
20191003X13056,2019-10-03,"Lansing, MI",United States,Capital Region International,Fatal,Substantial,Airplane,Socata,TBM 700,No,1.0,Turbo Prop,Business,N700AQ LLC,5.0,0.0,1.0,0.0,IMC,,Lansing, MI,2019,10,3,6.0,0.16666666666666666
20191005X82852,2019-10-05,"Kokomo, IN",United States,Kokomo Municipal Airport,Fatal,Destroyed,Airplane,Piper,AEROSTAR 602P,No,2.0,Reciprocating,Business,Pilot,1.0,0.0,0.0,0.0,VMC,,Kokomo, IN,2019,10,5,1.0,0.0
20191023X23030,2019-10-23,"Hebbronville, TX",United States,,Fatal,Destroyed,Helicopter,Robinson,R22 Beta,No,1.0,Reciprocating,Business,South Texas Helicopters Inc,2.0,0.0,1.0,1.0,VMC,,Hebbronville, TX,2019,10,23,4.0,0.5
20191031X31506,2019-10-31,"New Braunfels, TX",United States,,Non-Fatal,Minor,Airplane,Beech,200,No,2.0,Turbo Prop,Business,RPM Consulting LLC,0.0,0.0,1.0,1.0,VMC,,New Braunfels, TX,2019,10,31,2.0,1.0
20191109X41322,2019-11-09,"Salt Lake City, UT",United States,Salt Lake City Intl,Non-Fatal,Substantial,Airplane,Piper,PA60,No,2.0,Reciprocating,Business,Medical Management Inc,0.0,0.0,0.0,1.0,VMC,,Salt Lake City, UT,2019,11,9,1.0,1.0
20191120X01106,2019-11-20,"San Marcos, TX",United States,San Marcos,Fatal,Destroyed,Airplane,Raytheon,A36,No,1.0,Reciprocating,Business,Caroline Aviation Llc,1.0,0.0,0.0,0.0,IMC,,San Marcos, TX,2019,11,20,1.0,0.0
20200206X90234,2020-02-06,"Chatham, LA",United States,Ruston Regional Airport,Fatal,Destroyed,Airplane,Cessna,182,No,1.0,Reciprocating,Business,,3.0,0.0,0.0,0.0,VMC,,Chatham, LA,2020,2,6,3.0,0.0
20200213X92852,2020-02-13,"Broomfield, CO",United States,Rocky Mountain Metropolitan,Non-Fatal,Substantial,Airplane,Piaggio,P180,No,2.0,Turbo Prop,Business,,0.0,0.0,0.0,4.0,IMC,,Broomfield, CO,2020,2,13,4.0,1.0
20200214X65852,2020-02-14,"Marfa, TX",United States,,Non-Fatal,Substantial,Helicopter,Robinson,R44,No,1.0,Reciprocating,Business,,0.0,0.0,0.0,1.0,VMC,,Marfa, TX,2020,2,14,1.0,1.0
20200413X74513,2020-04-09,"Fort Myers, FL",United States,PAGE FIELD,Non-Fatal,Substantial,Helicopter,Aerospatiale,SA341,No,,Turbo Shaft,Business,Ross Transportation Inc,0.0,0.0,0.0,1.0,VMC,,Fort Myers, FL,2020,4,9,1.0,1.0
20200423X81031,2020-04-23,"Mesquite, TX",United States,Mesquite Metro,Non-Fatal,Substantial,Airplane,Pilatus,PC12,No,1.0,Turbo Prop,Business,Boutique Air,0.0,0.0,1.0,0.0,VMC,,Mesquite, TX,2020,4,23,1.0,1.0
20200610X83452,2020-06-10,"Selma, AL",United States,Craig Field,Fatal,Destroyed,Airplane,Piper,PA32RT,No,1.0,Reciprocating,Business,,2.0,0.0,0.0,0.0,VMC,,Selma, AL,2020,6,10,2.0,0.0
20200622X22057,2020-06-20,"Cambridge, OH",United States,Cambridge Municipal Airport,Non-Fatal,Substantial,Airplane,Great Lakes,2T 1A,No,,Reciprocating,Business,,0.0,0.0,0.0,1.0,VMC,,Cambridge, OH,2020,6,20,1.0,1.0
20200705X32345,2020-07-05,"Coeur d'Alene, ID",United States,,Fatal,Destroyed,Airplane,De Havilland,DHC-2,No,,,Business,Brooks Seaplane Service Inc,8.0,0.0,0.0,0.0,VMC,,Coeur D'Alene, ID,2020,7,5,8.0,0.0
20200713X11352,2020-07-08,"Venice, LA",United States,,Non-Fatal,Substantial,Helicopter,Robinson,R22,No,1.0,Reciprocating,Business,,0.0,0.0,0.0,1.0,,,Venice, LA,2020,7,8,1.0,1.0
20200722X01318,2020-07-22,"Tomball, TX",United States,David Wayne Hooks Memorial,Non-Fatal,Substantial,Airplane,Rockwell,112,No,1.0,Reciprocating,Business,,0.0,0.0,0.0,1.0,VMC,,Tomball, TX,2020,7,22,1.0,1.0
20200725X12606,2020-07-25,"San Antonio, TX",United States,STINSON MUNI,Fatal,Destroyed,Airplane,Piper,PA28,No,1.0,Reciprocating,Business,Robert Cole Perguson,1.0,0.0,2.0,0.0,,,San Antonio, TX,2020,7,25,3.0,0.6666666666666666
20200729X52602,2020-07-29,"Pioche, NV",United States,,Fatal,Destroyed,Airplane,American Eurocopter,AS350,No,,,Business,,2.0,0.0,0.0,0.0,VMC,,Pioche, NV,2020,7,29,2.0,0.0
20200730X63728,2020-07-30,"Ennis, MT",United States,,Fatal,Substantial,Airplane,Cessna,337,No,2.0,Reciprocating,Business,,1.0,0.0,2.0,0.0,VMC,,Ennis, MT,2020,7,30,3.0,0.6666666666666666
20200824X01445,2020-08-24,"Reno, NV",United States,Reno/Stead,Non-Fatal,Substantial,Airplane,Northrop,F5,No,2.0,Turbo Jet,Business,,0.0,0.0,0.0,1.0,VMC,,Reno, NV,2020,8,24,1.0,1.0
20200828X11258,2020-08-28,"Pembroke Park, FL",United States,,Fatal,Destroyed,Airplane,Rockwell,500,No,2.0,Reciprocating,Business,CONQUEST AIR,2.0,0.0,0.0,0.0,VMC,,Pembroke Park, FL,2020,8,28,2.0,0.0
20200909X50828,2020-08-30,"Lime Village, AK",United States,,Non-Fatal,Substantial,Airplane,Cessna,A185,No,1.0,Reciprocating,Business,,0.0,0.0,0.0,3.0,VMC,,Lime Village, AK,2020,8,30,3.0,1.0
20200919X42745,2020-09-19,"Fort Lauderdale, FL",United States,Fort Lauderdale Executive,Non-Fatal,Substantial,Airplane,Piper,PA31,No,2.0,,Business,Island Air Charters,0.0,0.0,0.0,8.0,VMC,,Fort Lauderdale, FL,2020,9,19,8.0,1.0
20201022102178,2020-10-16,"Pahrump, NV",United States,,Non-Fatal,Substantial,Helicopter,Robinson,R44,No,1.0,,Business,Spring Mountain Raceway LLC,0.0,2.0,0.0,1.0,VMC,,Pahrump, NV,2020,10,16,3.0,1.0
20201104102236,2020-10-22,"Xenia, OH",United States,Greene County  Lewis A. Jacks,Non-Fatal,Substantial,Airplane,Cirrus,SR22,No,1.0,Reciprocating,Business,,0.0,0.0,0.0,3.0,VMC,,Xenia, OH,2020,10,22,3.0,1.0
20201117102298,2020-11-14,"Hammonton, NJ",United States,HAMMONTON MUNI,Non-Fatal,Substantial,Helicopter,Aerospatiale,AS355,No,,,Business,CATALYST AVIATION LLC,0.0,0.0,0.0,1.0,,,Hammonton, NJ,2020,11,14,1.0,1.0
20201127102341,2020-11-25,"Atlanta, GA",United States,Dekalb-Peachtree Airport,Non-Fatal,Minor,Airplane,Aero  mmander,500,No,2.0,,Business,Central Air Southwest,0.0,0.0,0.0,2.0,VMC,,Atlanta, GA,2020,11,25,2.0,1.0
20201202102361,2020-12-02,"Lufkin, TX",United States,Angelina County Airport,Non-Fatal,Substantial,Airplane,Cessna,551,No,2.0,,Business,Aviation Star S,0.0,1.0,0.0,2.0,IMC,,Lufkin, TX,2020,12,2,3.0,1.0
20201210102399,2020-12-10,"Colorado City, TX",United States,,Fatal,Destroyed,Helicopter,Robinson,R44,No,1.0,,Business,,2.0,0.0,0.0,0.0,VMC,,Colorado City, TX,2020,12,10,2.0,0.0
20210205102605,2021-02-04,"Chitina, AK",United States,,Fatal,Substantial,Airplane,Cessna,185,No,1.0,,Business,Copper Valley Air Service,2.0,0.0,0.0,0.0,VMC,,Chitina, AK,2021,2,4,2.0,0.0
20210219102650,2021-02-18,"Lubbock, TX",United States,,Non-Fatal,Substantial,Airplane,Beech,B100,No,2.0,,Business,N312MB LLC,0.0,0.0,0.0,3.0,VMC,,Lubbock, TX,2021,2,18,3.0,1.0
20210316102764,2021-03-13,"Chevak, AK",United States,CHEVAK,Non-Fatal,Substantial,Airplane,Cessna,208B,No,1.0,Turbo Prop,Business,Grant Aviation,0.0,0.0,0.0,5.0,VMC,,Chevak, AK,2021,3,13,5.0,1.0
20210325102805,2021-03-20,"Port Alsworth, AK",United States,PORT ALSWORTH,Non-Fatal,Substantial,Airplane,Beech,A36,No,1.0,Reciprocating,Business,Lake Clark Air,0.0,0.0,0.0,2.0,VMC,,Port Alsworth, AK,2021,3,20,2.0,1.0
20210409102900,2021-04-09,"Stockbridge, GA",United States,Berry Hill Airport,Non-Fatal,Substantial,Airplane,Piper,PA-32R-300,No,1.0,Reciprocating,Business,SouthEast Aircraft Leasing LLC,0.0,0.0,0.0,3.0,VMC,,Stockbridge, GA,2021,4,9,3.0,1.0
20210415102920,2021-04-10,"Boulder, CO",United States,,Non-Fatal,Substantial,Airplane,Vans  craft,RV-7,No,1.0,,Business,,0.0,0.0,0.0,1.0,,,Boulder, CO,2021,4,10,1.0,1.0
20210419102940,2021-04-03,"Fairbanks, AK",United States,FAIRBANKS INTL,Non-Fatal,Substantial,Airplane,Cessna,208B,No,1.0,,Business,TATONDUK OUTFITTERS LTD DBA,0.0,0.0,0.0,5.0,IMC,,Fairbanks, AK,2021,4,3,5.0,1.0
20210419102941,2021-04-16,"Chignik Lagoon, AK",United States,CHIGNIK LAGOON,Non-Fatal,Substantial,Airplane,Beech,C-99,No,2.0,Turbo Prop,Business,LAKE CLARK AIR INC,0.0,0.0,0.0,9.0,VMC,,Chignik Lagoon, AK,2021,4,16,9.0,1.0
20210604103212,2021-06-03,"Denver, CO",United States,Denver International Airport,Non-Fatal,Substantial,Airplane,Beech,1900,No,2.0,,Business,Alpine Air Express,0.0,0.0,0.0,1.0,VMC,,Denver, CO,2021,6,3,1.0,1.0
20210610103244,2021-06-04,"Aspen, CO",United States,ASPEN-PITKIN COUNTY/SARDY FLD,Non-Fatal,Substantial,Airplane,Cessna,560XL,No,2.0,,Business,AIRCRAFT LEASING & SALES INC,0.0,0.0,0.0,5.0,VMC,,Aspen, CO,2021,6,4,5.0,1.0
20210615103270,2021-06-15,"Paragould, AR",United States,,Fatal,Destroyed,Airplane,Tractor,502B,No,1.0,,Business,Scott Flying Service,1.0,0.0,0.0,0.0,VMC,,Paragould, AR,2021,6,15,1.0,0.0
20210617103280,2021-06-17,"Goodland, KS",United States,RENNER FLD /GOODLAND MUNI/,Non-Fatal,Substantial,Airplane,Beech,U-8F,No,2.0,,Business,BEMIDJI AVIATION SERVICES INC,0.0,1.0,0.0,0.0,VMC,,Goodland, KS,2021,6,17,1.0,1.0
20210621103296,2021-06-19,"Portland, IN",United States,PORTLAND MUNI,Non-Fatal,Substantial,Airplane,Cessna,310R,No,2.0,,Business,B & F Aviation Inc,0.0,0.0,0.0,2.0,VMC,,Portland, IN,2021,6,19,2.0,1.0
20210705103416,2021-06-28,"Dillingham, AK",United States,NUSHAGAK,Non-Fatal,Substantial,Airplane,Cessna,A185F,No,1.0,Reciprocating,Business,,0.0,0.0,0.0,3.0,VMC,,Dillingham, AK,2021,6,28,3.0,1.0
20210718103496,2021-07-16,"Refugio, TX",United States,Rooke Field Airport,Non-Fatal,Substantial,Airplane,Cessna,P210,No,1.0,,Business,Linco Financial Services,0.0,1.0,0.0,1.0,VMC,,Refugio, TX,2021,7,16,2.0,1.0
20210731103595,2021-07-30,"Colchester, VT",United States,,Non-Fatal,Destroyed,Helicopter,Enstrom,280FX,No,1.0,,Business,BETA AIR LLC,0.0,0.0,1.0,0.0,VMC,,Colchester, VT,2021,7,30,1.0,1.0
20210805103645,2021-07-27,"Patterson, LA",United States,,Non-Fatal,Substantial,Airplane,Cessna,182T,No,1.0,,Business,WESTBANK FISHING LLC,0.0,0.0,0.0,1.0,VMC,,Patterson, LA,2021,7,27,1.0,1.0
20210811103681,2021-08-11,"Helena, MT",United States,HELENA RGNL,Non-Fatal,Substantial,Airplane,Cessna,425,No,2.0,,Business,K-AERO LLC,0.0,0.0,3.0,0.0,VMC,,Helena, MT,2021,8,11,3.0,1.0
20210825103750,2021-08-24,"Lansing, MI",United States,Capital Region International,Non-Fatal,Destroyed,Airplane,Cirrus,SF50,No,1.0,,Business,N1GG LLC,0.0,0.0,0.0,4.0,VMC,,Lansing, MI,2021,8,24,4.0,1.0
20210907103812,2021-09-03,"Naples, FL",United States,NAPLES MUNI,Non-Fatal,Substantial,Airplane,Raytheon  craft,390,No,2.0,,Business,Executive Aero Charter Management LLC,0.0,0.0,0.0,4.0,VMC,,Naples, FL,2021,9,3,4.0,1.0
20210916103885,2021-09-15,"Stanley, ID",United States,STANLEY,Non-Fatal,Substantial,Airplane,Piper,PA-32R-301,No,1.0,Reciprocating,Business,"Rose Air, LLC",0.0,0.0,0.0,1.0,VMC,,Stanley, ID,2021,9,15,1.0,1.0
20210921103927,2021-08-21,"Bettles, AK",United States,,Non-Fatal,Substantial,Airplane,Dehavilland,DHC-3,No,1.0,,Business,"Sourdough Air Service, Inc.",0.0,0.0,0.0,3.0,VMC,,Bettles, AK,2021,8,21,3.0,1.0
20210927103974,2021-09-25,"Patterson, LA",United States,HARRY P WILLIAMS MEML,Non-Fatal,Substantial,Helicopter,Bell,407,No,1.0,Turbo Shaft,Business,"Rotorcraft Leasing Company, LLC",0.0,0.0,0.0,3.0,VMC,,Patterson, LA,2021,9,25,3.0,1.0
20210927103977,2021-09-26,"Kotzebue, AK",United States,,Non-Fatal,Substantial,Airplane,Cessna,180E,No,1.0,,Business,,0.0,0.0,0.0,3.0,VMC,,Kotzebue, AK,2021,9,26,3.0,1.0
20211004104038,2021-09-23,"Cordova, AK",United States,,Non-Fatal,Substantial,Airplane,Piper,PA-18-150,No,1.0,,Business,Fejes Guide Service LTD,0.0,0.0,0.0,2.0,,,Cordova, AK,2021,9,23,2.0,1.0
20211020104133,2021-09-17,"Orcas Island, WA",United States,,Non-Fatal,Substantial,Airplane,Piper,PA-32-300,No,1.0,,Business,"Fly Guys Constructions, LLC",0.0,1.0,2.0,0.0,,,Orcas Island, WA,2021,9,17,3.0,1.0
20211021104143,2021-10-20,"Dallas, TX",United States,DALLAS EXEC,Non-Fatal,Substantial,Airplane,Cessna,210N,No,1.0,,Business,,0.0,0.0,0.0,1.0,VMC,,Dallas, TX,2021,10,20,1.0,1.0
20211113104239,2021-11-13,"Beaver Island, MI",United States,WELKE,Fatal,Substantial,Airplane,Britten-Norman,BN-2A,No,2.0,,Business,Island Airways,4.0,0.0,1.0,0.0,VMC,,Beaver Island, MI,2021,11,13,5.0,0.2
20211115104245,2021-11-15,"Boyne City, MI",United States,BOYNE CITY MUNI,Fatal,Destroyed,Airplane,Beech,E-90,No,2.0,,Business,N290KA LLC,2.0,0.0,0.0,0.0,IMC,,Boyne City, MI,2021,11,15,2.0,0.0
20211116104251,2021-11-10,"Fort Davis, TX",United States,,Non-Fatal,Substantial,Helicopter,Robinson,R44 II,No,1.0,,Business,SODVILLE INC,0.0,0.0,0.0,3.0,,,Fort Davis, TX,2021,11,10,3.0,1.0
20211122104287,2021-11-21,"Bethel, AK",United States,BETHEL,Non-Fatal,Substantial,Airplane,Cessna,207A,No,1.0,,Business,Paklook Air Inc,0.0,0.0,0.0,6.0,VMC,,Bethel, AK,2021,11,21,6.0,1.0
20211130104335,2021-11-22,"Austin, TX",United States,,Non-Fatal,Substantial,Helicopter,Leonardo Spa,AW169,No,2.0,,Business,COUNTY OF TRAVIS,0.0,0.0,0.0,1.0,,,Austin, TX,2021,11,22,1.0,1.0
20211202104341,2021-12-02,"Port Alsworth, AK",United States,Port Alsworth,Non-Fatal,Substantial,Airplane,Cessna,208,No,1.0,,Business,LAKE AND PENINSULA AIRLINES INC,0.0,1.0,0.0,0.0,VMC,,Port Alsworth, AK,2021,12,2,1.0,1.0
20211207104364,2021-12-02,"St. Louis, MO",United States,Spirit of St Louis Airport,Non-Fatal,Substantial,Helicopter,Mcdonnell Douglas,369E,No,1.0,,Business,St Louis County Police Department,0.0,0.0,0.0,2.0,VMC,,St. Louis, MO,2021,12,2,2.0,1.0
20220216104650,2022-02-12,"Eldorado, IL",United States,,Serious,Minor,Helicopter,Bell,206,No,,Turbo Shaft,Business,Air Evac Lifeteam,0.0,0.0,1.0,3.0,VMC,,Eldorado, IL,2022,2,12,4.0,1.0
20220222104672,2022-02-18,"Detroit, MI",United States,COLEMAN A YOUNG MUNI,Non-Fatal,Substantial,Airplane,Embraer Executive  craft,EMB-500,No,2.0,Turbo Jet,Business,ECLIPSE TRANSPORT LLC,0.0,0.0,0.0,1.0,VMC,,Detroit, MI,2022,2,18,1.0,1.0
20220222104676,2022-02-21,"Aspen, CO",United States,ASPEN-PITKIN COUNTY/SARDY FLD,Non-Fatal,Substantial,Airplane,Raytheon  craft,HAWKER 800XP,No,2.0,,Business,"Nxt Jet, Inc.",0.0,0.0,0.0,6.0,VMC,,Aspen, CO,2022,2,21,6.0,1.0
20220224104691,2022-02-21,"Deadhorse, AK",United States,PVT,Non-Fatal,Substantial,Airplane,Dehavilland,DHC-3,No,1.0,Reciprocating,Business,BALD MOUNTAIN AIR SERVICE INC,0.0,0.0,0.0,8.0,VMC,,Deadhorse, AK,2022,2,21,8.0,1.0
20220307104735,2022-03-05,"Newhalen, AK",United States,,Serious,Substantial,Airplane,Cessna,U206F,No,1.0,Reciprocating,Business,SEND NORTH,0.0,1.0,4.0,0.0,IMC,,Newhalen, AK,2022,3,5,5.0,1.0
20220309104754,2022-03-07,"Gulfport, MS",United States,Gulfport-Biloxi International,Non-Fatal,Substantial,Airplane,Beech,200,No,2.0,,Business,HLAF AETA LLC,0.0,0.0,0.0,5.0,VMC,,Gulfport, MS,2022,3,7,5.0,1.0
20220323104818,2022-03-18,"Grapevine, TX",United States,Dallas Ft. Worth,Non-Fatal,Substantial,Airplane,Cessna,208B,No,1.0,Turbo Prop,Business,MARTINAIRE AVIATION LLC,0.0,0.0,0.0,2.0,VMC,,Grapevine, TX,2022,3,18,2.0,1.0
20220404104886,2022-03-29,"Odessa, TX",United States,Odessa Airport-Schlemeyer Fiel,Serious,,Airplane,Beech,B200,No,2.0,Turbo Prop,Business,"Integrated Pain Associates, PLLC",0.0,0.0,1.0,5.0,VMC,,Odessa, TX,2022,3,29,6.0,1.0
20220405104893,2022-04-04,"Manville, NJ",United States,Central Jersey Regional Airpor,Minor,Substantial,Airplane,Mooney,M20M,No,1.0,Reciprocating,Business,GUTHRIE GROUP INC,0.0,1.0,0.0,0.0,VMC,,Manville, NJ,2022,4,4,1.0,1.0
20220419104965,2022-04-16,"Pilot Station, AK",United States,Pilot Station,Non-Fatal,Substantial,Airplane,Cessna,207A,No,1.0,Reciprocating,Business,RYAN AIR INC,0.0,0.0,0.0,1.0,VMC,,Pilot Station, AK,2022,4,16,1.0,1.0
20220503105033,2022-04-30,"Milwaukee, WI",United States,General Mitchell International,Non-Fatal,Substantial,Airplane,Beech,B-99,No,2.0,,Business,Freight Runners,0.0,0.0,0.0,1.0,VMC,,Milwaukee, WI,2022,4,30,1.0,1.0
20220519105103,2022-05-19,"Christmas Valley, OR",United States,Christmas Valley Airport,Serious,Substantial,Helicopter,bus  s,AS 350B3,No,1.0,Turbo Shaft,Business,Med-Trans,0.0,0.0,4.0,0.0,VMC,,Christmas Valley, OR,2022,5,19,4.0,1.0
20220602105175,2022-05-30,"East Sound, WA",United States,Waldron Airstrip,Non-Fatal,Substantial,Airplane,Cessna,172M,No,1.0,Reciprocating,Business,,0.0,0.0,0.0,2.0,VMC,,East Sound, WA,2022,5,30,2.0,1.0
20220608105217,2022-06-07,"Hawthorne, CA",United States,Jack Northrop Field/Hawthorne,Non-Fatal,Substantial,Airplane,Pilatus,PC12,No,1.0,Turbo Shaft,Business,Western Aircraft Inc.,0.0,0.0,0.0,11.0,VMC,,Hawthorne, CA,2022,6,7,11.0,1.0
20220622105305,2022-04-07,"Aleknagik, AK",United States,,Non-Fatal,Substantial,Airplane,Piper,PA-22-150,No,1.0,Reciprocating,Business,Wood Tikchik Air,0.0,0.0,0.0,2.0,VMC,,Aleknagik, AK,2022,4,7,2.0,1.0
20220629105392,2022-06-26,"Kokhanok, AK",United States,Private,Non-Fatal,Substantial,Airplane,Dehavilland,BEAVER U-6A,No,1.0,Reciprocating,Business,NEWHALEN LODGE INC,0.0,0.0,0.0,7.0,VMC,,Kokhanok, AK,2022,6,26,7.0,1.0
20220718105502,2022-07-14,"Kendleton, TX",United States,,Non-Fatal,Substantial,Airplane,Cessna,210,No,1.0,Reciprocating,Business,"TRETSA, SA DE CV",0.0,0.0,0.0,4.0,VMC,,Kendleton, TX,2022,7,14,4.0,1.0
20220719105520,2022-05-22,"Port Moller, AK",United States,Bear River Lodge,Serious,Substantial,Airplane,Cessna,182C,No,1.0,,Business,SHEPARD PETER M,0.0,0.0,1.0,0.0,VMC,,Port Moller, AK,2022,5,22,1.0,1.0
20220719105523,2022-07-15,"Bettles, AK",United States,,Non-Fatal,Substantial,Airplane,Dehavilland,BEAVER DHC-2 MK.1,No,1.0,,Business,JESPERSEN AIRCRAFT SERVICES INC,0.0,0.0,0.0,4.0,VMC,,Bettles, AK,2022,7,15,4.0,1.0
20220719105526,2022-07-15,"Port Alsworth, AK",United States,Private,Non-Fatal,Substantial,Airplane,Piper,PA-18-150,No,1.0,Reciprocating,Business,COPPER MOUNTAIN AVIATION LLC,0.0,0.0,0.0,2.0,VMC,,Port Alsworth, AK,2022,7,15,2.0,1.0
20220720105531,2022-07-15,"Brunswick, GA",United States,BRUNSWICK GOLDEN ISLES,Non-Fatal,Substantial,Airplane,Raytheon  craft,400A,No,2.0,Turbo Fan,Business,"Aircraft Mgt. Group, Inc",0.0,0.0,0.0,2.0,VMC,,Brunswick, GA,2022,7,15,2.0,1.0
20220726105587,2022-07-13,"Scappoose, WA",United States,SCAPPOOSE,Non-Fatal,Substantial,Airplane,Piper  craft   oration,PA-60-601P,No,2.0,Reciprocating,Business,,0.0,0.0,0.0,1.0,VMC,,Scappoose, WA,2022,7,13,1.0,1.0
20220804105665,2022-08-03,"Carlsbad, NM",United States,CAVERN CITY AIR TRML,Non-Fatal,Substantial,Airplane,Eads Socata,TBM 700,No,1.0,,Business,,0.0,0.0,0.0,3.0,,,Carlsbad, NM,2022,8,3,3.0,1.0
20220822105776,2022-08-20,"Bealeton, VA",United States,Flying Circus Aerodrome,Minor,Substantial,Airplane,Boeing,A75N1,No,1.0,,Business,,0.0,2.0,0.0,2.0,VMC,,Bealeton, VA,2022,8,20,4.0,1.0
20220901105846,2022-08-30,"Beardsley, MN",United States,,Minor,Substantial,Helicopter,Robinson,R44,No,1.0,,Business,,0.0,3.0,0.0,1.0,,,Beardsley, MN,2022,8,30,4.0,1.0
20220911105897,2022-09-09,"Saint Cloud, FL",United States,Kissimmee Gateway,Non-Fatal,Substantial,Airplane,Cirrus,SF50,No,1.0,,Business,TAC9 INC AND VISION AVIATION LLC,0.0,0.0,0.0,3.0,IMC,,Saint Cloud, FL,2022,9,9,3.0,1.0
20220912105905,2022-09-07,"Mesa, AZ",United States,Phoenix-Mesa Gateway Airport,Non-Fatal,Substantial,Airplane,Cessna,750,No,2.0,,Business,David Gilbertson,0.0,0.0,0.0,2.0,VMC,,Mesa, AZ,2022,9,7,2.0,1.0
20220920105974,2022-09-20,"Pasco, WA",United States,TRI-CITIES,Non-Fatal,Destroyed,Airplane,Cessna,525B,No,2.0,,Business,PACIFIC CATARACT & LASER INSTITUTE INC PC,0.0,0.0,0.0,10.0,,,Pasco, WA,2022,9,20,10.0,1.0
20220923105992,2022-09-21,"Ocean City, MD",United States,Ocean City Muni,Non-Fatal,Unknown,Airplane,Cessna,180,No,1.0,,Business,,0.0,0.0,0.0,1.0,VMC,,Ocean City, MD,2022,9,21,1.0,1.0
20220928106010,2022-09-27,"McGregor, TX",United States,,Non-Fatal,Unknown,Airplane,Cessna,550,No,2.0,,Business,ABS EQUIPMENT LEASING LLC,0.0,0.0,0.0,2.0,,,Mcgregor, TX,2022,9,27,2.0,1.0
20221004106055,2022-10-03,"Houston, TX",United States,,Non-Fatal,Substantial,Airplane,Embraer S A,EMB-545,No,2.0,,Business,PARTEE AVIATION LLC,0.0,0.0,0.0,4.0,VMC,,Houston, TX,2022,10,3,4.0,1.0
20221005106070,2022-10-05,"Arundel, ME",United States,BIDDEFORD MUNI,Fatal,Destroyed,Airplane,Beech,A36,No,1.0,,Business,ABET,2.0,0.0,0.0,0.0,IMC,,Arundel, ME,2022,10,5,2.0,0.0
20221024106187,2022-10-18,"Evanston, WY",United States,EVANSTON-UINTA COUNTY BURNS FL,Non-Fatal,Substantial,Airplane,Cessna,170A,No,1.0,,Business,WILLIAM R. BENSYL,0.0,0.0,0.0,1.0,VMC,,Evanston, WY,2022,10,18,1.0,1.0
20221103106242,2022-11-03,"Greenville, IL",United States,GREENVILLE,Minor,Substantial,Helicopter,Bell,206,No,1.0,,Business,KASH HELICOPTER SERVICES LLC,0.0,2.0,0.0,1.0,VMC,,Greenville, IL,2022,11,3,3.0,1.0
20221108106258,2022-11-05,"Farmingdale, NY",United States,Republic Airport,Minor,Substantial,Airplane,Beech,B-60,No,2.0,,Business,,0.0,2.0,0.0,0.0,VMC,,Farmingdale, NY,2022,11,5,2.0,1.0
20221109106270,2022-11-09,"Bignell, NE",United States,NORTH PLATTE RGNL/LEE BIRD FLD,Fatal,Destroyed,Airplane,Piper,PA46-500TP,No,1.0,,Business,,2.0,0.0,0.0,0.0,IMC,,Bignell, NE,2022,11,9,2.0,0.0
20221115106296,2022-11-15,"Pewaukee, WI",United States,WAUKESHA COUNTY,Minor,Substantial,Airplane,Fairchild,SA227-AT,No,2.0,,Business,UAS TRANSERVICES INC,0.0,2.0,0.0,1.0,IMC,,Pewaukee, WI,2022,11,15,3.0,1.0
20221121106337,2022-11-20,"Bethel, AK",United States,,Non-Fatal,Substantial,Airplane,Cessna,207,No,1.0,,Business,YR-AIRCRAFT LEASING LLC,0.0,0.0,0.0,7.0,VMC,,Bethel, AK,2022,11,20,7.0,1.0
20221130106387,2022-11-29,"Batesville, AR",United States,Batesville Regional Airport,Minor,Substantial,Airplane,Learjet,45,No,2.0,,Business,Creamer Pilot Services LLC,0.0,2.0,0.0,6.0,IMC,,Batesville, AR,2022,11,29,8.0,1.0
20221213106456,2022-12-12,"Redding, CA",United States,,Minor,Substantial,Helicopter,bus  s,EC 130 T2,No,1.0,,Business,REACH AIR MEDICAL SERVICES LLC,0.0,1.0,0.0,0.0,,,Redding, CA,2022,12,12,1.0,1.0
